Date,GLD,^FTSE,^GSPC,^N225,^STOXX50E
2019-01-02,121.33000183105469,6734.2001953125,2510.030029296875,,
2019-01-03,122.43000030517578,6692.7001953125,2447.889892578125,,2954.659912109375
2019-01-04,121.44000244140625,6837.39990234375,2531.93994140625,19561.9609375,3041.85009765625
2019-01-07,121.86000061035156,6810.89990234375,2549.68994140625,20038.970703125,3033.639892578125
2019-01-08,121.52999877929688,6861.60009765625,2574.409912109375,20204.0390625,3054.93994140625
2019-01-09,122.30999755859375,6906.60009765625,2584.9599609375,20427.060546875,3070.239990234375
2019-01-10,121.58999633789062,6942.89990234375,2596.639892578125,20163.80078125,3075.72998046875
2019-01-11,121.80000305175781,6918.2001953125,2596.260009765625,20359.69921875,3070.0400390625
2019-01-14,122.08999633789062,6855.0,2582.610107421875,20359.69921875,3055.179931640625
2019-01-15,121.87999725341797,6895.0,2610.300048828125,20555.2890625,3068.050048828125
2019-01-16,122.2699966430664,6862.7001953125,2616.10009765625,20442.75,3077.219970703125
2019-01-17,122.11000061035156,6834.89990234375,2635.9599609375,20402.26953125,3069.35009765625
2019-01-18,121.0199966430664,6968.2998046875,2670.7099609375,20666.0703125,3134.919921875
2019-01-21,121.0199966430664,6970.60009765625,2670.7099609375,20719.330078125,3125.070068359375
2019-01-22,121.44999694824219,6901.39990234375,2632.89990234375,20622.91015625,3112.800048828125
2019-01-23,121.27999877929688,6842.89990234375,2638.699951171875,20593.720703125,3112.1298828125
2019-01-24,121.08999633789062,6819.0,2642.330078125,20574.630859375,3126.31005859375
2019-01-25,122.86000061035156,6809.2001953125,2664.760009765625,20773.560546875,3163.239990234375
2019-01-28,123.29000091552734,6747.10009765625,2643.85009765625,20649.0,3137.27001953125
2019-01-29,123.9800033569336,6833.89990234375,2640.0,20664.640625,3153.419921875
2019-01-30,124.69000244140625,6941.60009765625,2681.050048828125,20556.5390625,3161.739990234375
2019-01-31,124.75,6968.89990234375,2704.10009765625,20773.490234375,3159.429931640625
2019-02-01,124.5,7020.2001953125,2706.530029296875,20788.390625,3171.1201171875
2019-02-04,123.95999908447266,7034.10009765625,2724.8701171875,20883.76953125,3165.199951171875
2019-02-05,124.27999877929688,7177.39990234375,2737.699951171875,20844.44921875,3215.0400390625
2019-02-06,123.44000244140625,7173.10009765625,2731.610107421875,20874.060546875,3212.75
2019-02-07,123.73999786376953,7093.60009765625,2706.050048828125,20751.279296875,3150.760009765625
2019-02-08,124.20999908447266,7071.2001953125,2707.8798828125,20333.169921875,3135.6201171875
2019-02-11,123.5999984741211,7129.10009765625,2709.800048828125,20333.169921875,3165.610107421875
2019-02-12,123.86000061035156,7133.10009765625,2744.72998046875,20864.2109375,3190.75
2019-02-13,123.37000274658203,7190.7998046875,2753.030029296875,21144.48046875,3202.3701171875
2019-02-14,124.05999755859375,7197.0,2745.72998046875,21139.7109375,3182.659912109375
2019-02-15,124.80000305175781,7236.7001953125,2775.60009765625,20900.630859375,3241.25
2019-02-18,124.80000305175781,7219.5,2775.60009765625,21281.849609375,3244.7900390625
2019-02-19,126.69999694824219,7179.2001953125,2779.760009765625,21302.650390625,3239.409912109375
2019-02-20,126.4800033569336,7228.60009765625,2784.699951171875,21431.490234375,3259.489990234375
2019-02-21,125.05000305175781,7167.39990234375,2774.8798828125,21464.23046875,3263.699951171875
2019-02-22,125.5,7178.60009765625,2792.669921875,21425.509765625,3270.550048828125
2019-02-25,125.37000274658203,7183.7001953125,2796.110107421875,21528.23046875,3280.010009765625
2019-02-26,125.58000183105469,7151.10009765625,2793.89990234375,21449.390625,3289.320068359375
2019-02-27,124.69000244140625,7107.2001953125,2792.3798828125,21556.509765625,3282.77001953125
2019-02-28,123.98999786376953,7074.7001953125,2784.489990234375,21385.16015625,3298.260009765625
2019-03-01,121.87999725341797,7106.7001953125,2803.68994140625,21602.689453125,3312.10009765625
2019-03-04,121.55999755859375,7134.39990234375,2792.81005859375,21822.0390625,3317.1201171875
2019-03-05,121.72000122070312,7183.39990234375,2789.64990234375,21726.279296875,3327.18994140625
2019-03-06,121.61000061035156,7196.0,2771.449951171875,21596.810546875,3324.669921875
2019-03-07,121.51000213623047,7157.60009765625,2748.929931640625,21456.009765625,3308.85009765625
2019-03-08,122.83999633789062,7104.2998046875,2743.070068359375,21025.560546875,3283.60009765625
2019-03-11,122.23999786376953,7130.60009765625,2783.300048828125,21125.08984375,3304.43994140625
2019-03-12,122.9800033569336,7151.2001953125,2791.52001953125,21503.689453125,3303.949951171875
2019-03-13,123.83999633789062,7159.2001953125,2810.919921875,21290.240234375,3323.449951171875
2019-03-14,122.41000366210938,7185.39990234375,2808.47998046875,21287.01953125,3342.030029296875
2019-03-15,122.97000122070312,7228.2998046875,2822.47998046875,21450.849609375,3386.080078125
2019-03-18,123.04000091552734,7299.2001953125,2832.93994140625,21584.5,3387.93994140625
2019-03-19,123.37999725341797,7324.0,2832.570068359375,21566.849609375,3409.0
2019-03-20,124.18000030517578,7291.0,2824.22998046875,21608.919921875,3372.3798828125
2019-03-21,123.68000030517578,7355.2998046875,2854.8798828125,21608.919921875,3367.39990234375
2019-03-22,123.97000122070312,7207.60009765625,2800.7099609375,21627.33984375,3305.72998046875
2019-03-25,124.91999816894531,7177.60009765625,2798.360107421875,20977.109375,3300.47998046875
2019-03-26,124.30000305175781,7196.2998046875,2818.4599609375,21428.390625,3319.530029296875
2019-03-27,123.6500015258789,7194.2001953125,2805.3701171875,21378.73046875,3322.0400390625
2019-03-28,121.9000015258789,7234.2998046875,2815.43994140625,21033.759765625,3320.2900390625
2019-03-29,122.01000213623047,7279.2001953125,2834.39990234375,21205.810546875,3351.7099609375
2019-04-01,121.52999877929688,7317.39990234375,2867.18994140625,21509.029296875,3385.3798828125
2019-04-02,121.9800033569336,7391.10009765625,2867.239990234375,21505.310546875,3395.699951171875
2019-04-03,121.80000305175781,7418.2998046875,2873.39990234375,21713.2109375,3435.56005859375
2019-04-04,122.11000061035156,7401.89990234375,2879.389892578125,21724.94921875,3441.929931640625
2019-04-05,121.9800033569336,7446.89990234375,2892.739990234375,21807.5,3447.469970703125
2019-04-08,122.51000213623047,7451.89990234375,2895.77001953125,21761.650390625,3438.06005859375
2019-04-09,123.1500015258789,7425.60009765625,2878.199951171875,21802.58984375,3417.219970703125
2019-04-10,123.52999877929688,7421.89990234375,2888.2099609375,21687.5703125,3424.64990234375
2019-04-11,121.94999694824219,7418.0,2888.320068359375,21711.380859375,3435.340087890625
2019-04-12,121.83000183105469,7437.10009765625,2907.409912109375,21870.560546875,3447.830078125
2019-04-15,121.5999984741211,7436.89990234375,2905.580078125,22169.109375,3450.4599609375
2019-04-16,120.51000213623047,7469.89990234375,2907.06005859375,22221.66015625,3463.360107421875
2019-04-17,120.27999877929688,7471.2998046875,2900.449951171875,22277.970703125,3477.72998046875
2019-04-18,120.37000274658203,7459.89990234375,2905.030029296875,22090.119140625,3499.22998046875
2019-04-19,120.37000274658203,7459.89990234375,2905.030029296875,22200.560546875,3499.22998046875
2019-04-22,120.37000274658203,7459.89990234375,2907.969970703125,22217.900390625,3499.22998046875
2019-04-23,120.12000274658203,7523.10009765625,2933.679931640625,22259.740234375,3503.85009765625
2019-04-24,120.47000122070312,7471.7998046875,2927.25,22200.0,3502.6298828125
2019-04-25,120.56999969482422,7434.10009765625,2926.169921875,22307.580078125,3491.919921875
2019-04-26,121.37000274658203,7428.2001953125,2939.8798828125,22258.73046875,3500.409912109375
2019-04-29,120.83000183105469,7440.7001953125,2943.030029296875,22258.73046875,3501.93994140625
2019-04-30,121.19999694824219,7418.2001953125,2945.830078125,22258.73046875,3514.6201171875
2019-05-01,120.4000015258789,7385.2998046875,2923.72998046875,22258.73046875,3514.6201171875
2019-05-02,119.94000244140625,7351.2998046875,2917.52001953125,22258.73046875,3488.929931640625
2019-05-03,120.6500015258789,7380.60009765625,2945.639892578125,22258.73046875,3502.47998046875
2019-05-06,120.80999755859375,7380.60009765625,2932.469970703125,22258.73046875,3462.949951171875
2019-05-07,121.20999908447266,7260.5,2884.050048828125,21923.720703125,3401.159912109375
2019-05-08,120.91000366210938,7271.0,2879.419921875,21602.58984375,3417.260009765625
2019-05-09,121.19999694824219,7207.39990234375,2870.719970703125,21402.130859375,3350.7099609375
2019-05-10,121.43000030517578,7203.2998046875,2881.39990234375,21344.919921875,3361.050048828125
2019-05-13,122.66999816894531,7163.7001953125,2811.8701171875,21191.279296875,3320.780029296875
2019-05-14,122.45999908447266,7241.60009765625,2834.409912109375,21067.23046875,3364.3798828125
2019-05-15,122.38999938964844,7297.0,2850.9599609375,21188.560546875,3385.780029296875
2019-05-16,121.51000213623047,7353.5,2876.320068359375,21062.98046875,3438.56005859375
2019-05-17,120.6500015258789,7348.60009765625,2859.530029296875,21250.08984375,3425.639892578125
2019-05-20,120.63999938964844,7310.89990234375,2840.22998046875,21301.73046875,3369.780029296875
2019-05-21,120.36000061035156,7328.89990234375,2864.360107421875,21272.44921875,3386.510009765625
2019-05-22,120.23999786376953,7334.2001953125,2856.27001953125,21283.369140625,3386.719970703125
2019-05-23,121.16999816894531,7231.0,2822.239990234375,21151.140625,3327.199951171875
2019-05-24,121.30000305175781,7277.7001953125,2826.06005859375,21117.220703125,3350.699951171875
2019-05-27,121.30000305175781,7277.7001953125,2826.06005859375,21182.580078125,3364.0400390625
2019-05-28,120.83000183105469,7269.0,2802.389892578125,21260.140625,3348.860107421875
2019-05-29,120.87000274658203,7185.2998046875,2783.02001953125,21003.369140625,3297.81005859375
2019-05-30,121.69000244140625,7218.2001953125,2788.860107421875,20942.529296875,3297.81005859375
2019-05-31,123.33000183105469,7161.7001953125,2752.06005859375,20601.189453125,3280.429931640625
2019-06-03,125.11000061035156,7184.7998046875,2744.449951171875,20410.880859375,3300.219970703125
2019-06-04,125.1500015258789,7214.2998046875,2803.27001953125,20408.5390625,3333.489990234375
2019-06-05,125.47000122070312,7220.2001953125,2826.14990234375,20776.099609375,3339.949951171875
2019-06-06,125.87999725341797,7259.89990234375,2843.489990234375,20774.0390625,3338.409912109375
2019-06-07,126.58999633789062,7331.89990234375,2873.340087890625,20884.7109375,3378.3798828125
2019-06-10,125.33000183105469,7375.5,2886.72998046875,21134.419921875,3378.3798828125
2019-06-11,125.18000030517578,7398.5,2885.719970703125,21204.279296875,3401.10009765625
2019-06-12,125.83000183105469,7367.60009765625,2879.840087890625,21129.720703125,3386.6298828125
2019-06-13,126.5999984741211,7368.60009765625,2891.639892578125,21032.0,3390.5
2019-06-14,126.55999755859375,7345.7998046875,2886.97998046875,21116.890625,3379.18994140625
2019-06-17,126.4800033569336,7357.2998046875,2889.669921875,21124.0,3383.2099609375
2019-06-18,127.12000274658203,7443.0,2917.75,20972.7109375,3452.889892578125
2019-06-19,127.88999938964844,7403.5,2926.4599609375,21333.869140625,3454.699951171875
2019-06-20,131.11000061035156,7424.39990234375,2954.179931640625,21462.859375,3468.080078125
2019-06-21,131.97999572753906,7407.5,2950.4599609375,21258.640625,3466.919921875
2019-06-24,133.94000244140625,7416.7001953125,2945.35009765625,21285.990234375,3455.570068359375
2019-06-25,134.1999969482422,7422.39990234375,2917.3798828125,21193.810546875,3444.360107421875
2019-06-26,132.97000122070312,7416.39990234375,2913.780029296875,21086.58984375,3442.949951171875
2019-06-27,132.83999633789062,7402.2998046875,2924.919921875,21338.169921875,3442.3798828125
2019-06-28,133.1999969482422,7425.60009765625,2941.760009765625,21275.919921875,3473.68994140625
2019-07-01,130.6199951171875,7497.5,2964.330078125,21729.970703125,3497.590087890625
2019-07-02,133.41000366210938,7559.2001953125,2973.010009765625,21754.26953125,3507.97998046875
2019-07-03,133.6300048828125,7609.2998046875,2995.820068359375,21638.16015625,3540.6298828125
2019-07-04,133.6300048828125,7603.60009765625,2995.820068359375,21702.44921875,3544.14990234375
2019-07-05,132.13999938964844,7553.10009765625,2990.409912109375,21746.380859375,3527.97998046875
2019-07-08,131.2899932861328,7549.2998046875,2975.949951171875,21534.349609375,3523.760009765625
2019-07-09,131.75,7536.5,2979.6298828125,21565.150390625,3509.75
2019-07-10,133.8300018310547,7530.7001953125,2993.070068359375,21533.48046875,3501.52001953125
2019-07-11,132.6999969482422,7509.7998046875,2999.909912109375,21643.529296875,3496.72998046875
2019-07-12,133.52999877929688,7506.0,3013.77001953125,21685.900390625,3497.6298828125
2019-07-15,133.52999877929688,7531.7001953125,3014.300048828125,21685.900390625,3502.219970703125
2019-07-16,132.39999389648438,7577.2001953125,3004.0400390625,21535.25,3521.360107421875
2019-07-17,134.5800018310547,7535.5,2984.419921875,21469.1796875,3501.580078125
2019-07-18,136.47999572753906,7493.10009765625,2995.110107421875,21046.240234375,3482.830078125
2019-07-19,134.47000122070312,7508.7001953125,2976.610107421875,21466.990234375,3480.179931640625
2019-07-22,134.4499969482422,7514.89990234375,2985.030029296875,21416.7890625,3489.919921875
2019-07-23,133.69000244140625,7556.89990234375,3005.469970703125,21620.880859375,3532.8701171875
2019-07-24,134.3699951171875,7501.5,3019.56005859375,21709.5703125,3532.89990234375
2019-07-25,133.4199981689453,7489.10009765625,3003.669921875,21756.55078125,3510.14990234375
2019-07-26,133.63999938964844,7549.10009765625,3025.860107421875,21658.150390625,3524.469970703125
2019-07-29,134.52999877929688,7686.60009765625,3020.969970703125,21616.80078125,3523.580078125
2019-07-30,134.97999572753906,7646.7998046875,3013.179931640625,21709.310546875,3462.85009765625
2019-07-31,133.2100067138672,7586.7998046875,2980.3798828125,21521.529296875,3466.85009765625
2019-08-01,136.41000366210938,7584.89990234375,2953.56005859375,21540.990234375,3466.85009765625
2019-08-02,135.88999938964844,7407.10009765625,2932.050048828125,21087.16015625,3376.1201171875
2019-08-05,137.7899932861328,7223.89990234375,2844.739990234375,20720.2890625,3310.929931640625
2019-08-06,138.91000366210938,7171.7001953125,2881.77001953125,20585.310546875,3291.659912109375
2019-08-07,141.02000427246094,7198.7001953125,2883.97998046875,20516.560546875,3309.989990234375
2019-08-08,141.72999572753906,7285.89990234375,2938.090087890625,20593.349609375,3375.3798828125
2019-08-09,141.25999450683594,7253.89990234375,2918.64990234375,20684.8203125,3333.739990234375
2019-08-12,142.6300048828125,7226.7001953125,2882.699951171875,20684.8203125,3326.550048828125
2019-08-13,141.77999877929688,7250.89990234375,2926.320068359375,20455.439453125,3357.159912109375
2019-08-14,142.75,7147.89990234375,2840.60009765625,20655.130859375,3288.699951171875
2019-08-15,143.6999969482422,7067.0,2847.60009765625,20405.650390625,3282.780029296875
2019-08-16,142.77999877929688,7117.2001953125,2888.679931640625,20418.810546875,3329.080078125
2019-08-19,141.11000061035156,7189.7001953125,2923.64990234375,20563.16015625,3369.18994140625
2019-08-20,142.2100067138672,7125.0,2900.510009765625,20677.220703125,3350.22998046875
2019-08-21,141.75999450683594,7204.0,2924.429931640625,20618.5703125,3394.889892578125
2019-08-22,141.39999389648438,7128.2001953125,2922.949951171875,20628.009765625,3373.669921875
2019-08-23,144.1699981689453,7095.0,2847.110107421875,20710.91015625,3334.25
2019-08-26,144.19000244140625,7095.0,2878.3798828125,20261.0390625,3348.840087890625
2019-08-27,145.57000732421875,7089.60009765625,2869.159912109375,20456.080078125,3370.469970703125
2019-08-28,145.16000366210938,7114.7001953125,2887.93994140625,20479.419921875,3365.3798828125
2019-08-29,144.1199951171875,7184.2998046875,2924.580078125,20460.9296875,3411.330078125
2019-08-30,143.75,7207.2001953125,2926.4599609375,20704.369140625,3426.760009765625
2019-09-02,143.75,7281.89990234375,2926.4599609375,20620.189453125,3432.5400390625
2019-09-03,145.75,7268.2001953125,2906.27001953125,20625.16015625,3420.739990234375
2019-09-04,146.66000366210938,7311.2998046875,2937.780029296875,20649.140625,3450.830078125
2019-09-05,143.13999938964844,7271.2001953125,2976.0,21085.939453125,3484.699951171875
2019-09-06,141.9199981689453,7282.2998046875,2978.7099609375,21199.5703125,3495.18994140625
2019-09-09,141.38999938964844,7235.7998046875,2978.429931640625,21318.419921875,3495.02001953125
2019-09-10,140.17999267578125,7268.0,2979.389892578125,21392.099609375,3498.989990234375
2019-09-11,141.02999877929688,7338.0,3000.929931640625,21597.759765625,3516.820068359375
2019-09-12,141.32000732421875,7344.7001953125,3009.570068359375,21759.609375,3538.860107421875
2019-09-13,140.14999389648438,7367.5,3007.389892578125,21988.2890625,3550.110107421875
2019-09-16,141.32000732421875,7321.39990234375,2997.9599609375,21988.2890625,3518.449951171875
2019-09-17,141.60000610351562,7320.39990234375,3005.699951171875,22001.3203125,3521.260009765625
2019-09-18,140.7100067138672,7314.10009765625,3006.72998046875,21960.7109375,3528.0400390625
2019-09-19,141.27999877929688,7356.39990234375,3006.7900390625,22044.44921875,3552.64990234375
2019-09-20,142.9499969482422,7344.89990234375,2992.070068359375,22079.08984375,3571.389892578125
2019-09-23,143.75,7326.10009765625,2991.780029296875,22079.08984375,3536.969970703125
2019-09-24,144.50999450683594,7291.39990234375,2966.60009765625,22098.83984375,3532.050048828125
2019-09-25,141.8300018310547,7290.0,2984.8701171875,22020.150390625,3513.030029296875
2019-09-26,141.7899932861328,7351.10009765625,2977.6201171875,22048.240234375,3532.179931640625
2019-09-27,141.05999755859375,7426.2001953125,2961.7900390625,21878.900390625,3545.8798828125
2019-09-30,138.8699951171875,7408.2001953125,2976.739990234375,21755.83984375,3569.449951171875
2019-10-01,139.6300048828125,7360.2998046875,2940.25,21885.240234375,3518.25
2019-10-02,141.25999450683594,7122.5,2887.610107421875,21778.609375,3413.31005859375
2019-10-03,141.89999389648438,7077.60009765625,2910.6298828125,21341.740234375,3417.3701171875
2019-10-04,141.89999389648438,7155.39990234375,2952.010009765625,21410.19921875,3446.7099609375
2019-10-07,140.69000244140625,7197.89990234375,2938.7900390625,21375.25,3471.239990234375
2019-10-08,141.9199981689453,7143.2001953125,2893.06005859375,21587.779296875,3432.760009765625
2019-10-09,142.0500030517578,7166.5,2919.39990234375,21456.380859375,3462.110107421875
2019-10-10,140.80999755859375,7186.39990234375,2938.1298828125,21551.98046875,3493.9599609375
2019-10-11,140.02999877929688,7247.10009765625,2970.27001953125,21798.869140625,3569.919921875
2019-10-14,140.58999633789062,7213.5,2966.14990234375,21798.869140625,3556.260009765625
2019-10-15,139.61000061035156,7211.60009765625,2995.679931640625,22207.2109375,3598.64990234375
2019-10-16,140.41000366210938,7168.0,2989.68994140625,22472.919921875,3599.25
2019-10-17,140.61000061035156,7182.2998046875,2997.949951171875,22451.859375,3588.6201171875
2019-10-18,140.4600067138672,7150.60009765625,2986.199951171875,22492.6796875,3579.409912109375
2019-10-21,139.7899932861328,7163.60009765625,3006.719970703125,22548.900390625,3600.080078125
2019-10-22,140.1999969482422,7212.5,2995.989990234375,22548.900390625,3604.820068359375
2019-10-23,140.52999877929688,7260.7001953125,3004.52001953125,22625.380859375,3606.889892578125
2019-10-24,141.52999877929688,7328.2998046875,3010.2900390625,22750.599609375,3621.3701171875
2019-10-25,141.86000061035156,7324.5,3022.550048828125,22799.810546875,3624.679931640625
2019-10-28,140.63999938964844,7331.2998046875,3039.419921875,22867.26953125,3625.68994140625
2019-10-29,140.25,7306.2998046875,3036.889892578125,22974.130859375,3622.090087890625
2019-10-30,141.02000427246094,7330.7998046875,3046.77001953125,22843.119140625,3620.2900390625
2019-10-31,142.42999267578125,7248.39990234375,3037.56005859375,22927.0390625,3604.409912109375
2019-11-01,142.55999755859375,7302.39990234375,3066.909912109375,22850.76953125,3623.739990234375
2019-11-04,142.14999389648438,7369.7001953125,3078.27001953125,22850.76953125,3665.2099609375
2019-11-05,139.85000610351562,7388.10009765625,3074.6201171875,23251.990234375,3676.52001953125
2019-11-06,140.4499969482422,7396.7001953125,3076.780029296875,23303.8203125,3688.739990234375
2019-11-07,138.27000427246094,7406.39990234375,3085.179931640625,23330.3203125,3706.679931640625
2019-11-08,137.38999938964844,7359.39990234375,3093.080078125,23391.869140625,3699.64990234375
2019-11-11,137.05999755859375,7328.5,3087.010009765625,23331.83984375,3696.820068359375
2019-11-12,137.42999267578125,7365.39990234375,3091.840087890625,23520.009765625,3712.199951171875
2019-11-13,137.97999572753906,7351.2001953125,3094.0400390625,23319.869140625,3699.5
2019-11-14,138.55999755859375,7292.7998046875,3096.6298828125,23141.55078125,3688.81005859375
2019-11-15,138.2100067138672,7302.89990234375,3120.4599609375,23303.3203125,3711.610107421875
2019-11-18,138.6199951171875,7307.7001953125,3122.030029296875,23416.759765625,3704.919921875
2019-11-19,138.69000244140625,7323.7998046875,3120.179931640625,23292.650390625,3696.56005859375
2019-11-20,138.75999450683594,7262.5,3108.4599609375,23148.5703125,3683.8798828125
2019-11-21,138.0,7238.60009765625,3103.5400390625,23038.580078125,3679.659912109375
2019-11-22,137.74000549316406,7326.7998046875,3110.2900390625,23112.880859375,3687.320068359375
2019-11-25,137.0800018310547,7396.2998046875,3133.639892578125,23292.810546875,3707.679931640625
2019-11-26,137.74000549316406,7403.10009765625,3140.52001953125,23373.3203125,3705.550048828125
2019-11-27,137.00999450683594,7429.7998046875,3153.6298828125,23437.76953125,3712.85009765625
2019-11-28,137.00999450683594,7416.39990234375,3153.6298828125,23409.140625,3704.47998046875
2019-11-29,137.86000061035156,7346.5,3140.97998046875,23293.91015625,3703.580078125
2019-12-02,137.7899932861328,7285.89990234375,3113.8701171875,23529.5,3626.659912109375
2019-12-03,139.11000061035156,7158.7998046875,3093.199951171875,23379.810546875,3610.989990234375
2019-12-04,138.9199981689453,7188.5,3112.760009765625,23135.23046875,3660.02001953125
2019-12-05,139.0,7137.89990234375,3117.429931640625,23300.08984375,3648.1298828125
2019-12-06,137.6199951171875,7239.7001953125,3145.909912109375,23354.400390625,3692.340087890625
2019-12-09,137.5800018310547,7233.89990234375,3135.9599609375,23430.69921875,3672.179931640625
2019-12-10,137.97000122070312,7213.7998046875,3132.52001953125,23410.189453125,3671.780029296875
2019-12-11,138.9199981689453,7216.2998046875,3141.6298828125,23391.859375,3687.449951171875
2019-12-12,138.42999267578125,7273.5,3168.570068359375,23424.810546875,3706.35009765625
2019-12-13,139.0500030517578,7353.39990234375,3168.800048828125,24023.099609375,3731.070068359375
2019-12-16,139.0399932861328,7519.10009765625,3191.449951171875,23952.349609375,3772.739990234375
2019-12-17,139.00999450683594,7525.2998046875,3192.52001953125,24066.119140625,3745.280029296875
2019-12-18,139.02000427246094,7540.7998046875,3191.139892578125,23934.4296875,3739.0
2019-12-19,139.3800048828125,7573.7998046875,3205.3701171875,23864.849609375,3739.169921875
2019-12-20,139.52000427246094,7582.5,3221.219970703125,23816.630859375,3776.56005859375
2019-12-23,139.9499969482422,7623.60009765625,3224.010009765625,23821.109375,3776.659912109375
2019-12-24,141.27000427246094,7632.2001953125,3223.3798828125,23830.580078125,3776.659912109375
2019-12-25,141.27000427246094,7632.2001953125,3223.3798828125,23782.869140625,3776.659912109375
2019-12-26,142.3800048828125,7632.2001953125,3239.909912109375,23924.919921875,3776.659912109375
2019-12-27,142.3300018310547,7644.89990234375,3240.02001953125,23837.720703125,3782.27001953125
2019-12-30,142.6300048828125,7587.10009765625,3221.2900390625,23656.619140625,3748.469970703125
2019-12-31,142.89999389648438,7542.39990234375,3230.780029296875,23656.619140625,3748.469970703125
2020-01-02,143.9499969482422,7604.2998046875,3257.85009765625,23656.619140625,3748.469970703125
2020-01-03,145.86000061035156,7622.39990234375,3234.85009765625,23656.619140625,3773.3701171875
2020-01-06,147.38999938964844,7575.2998046875,3246.280029296875,23204.859375,3752.52001953125
2020-01-07,147.97000122070312,7573.89990234375,3237.179931640625,23575.720703125,3759.25
2020-01-08,146.86000061035156,7574.89990234375,3253.050048828125,23204.759765625,3772.56005859375
2020-01-09,146.02999877929688,7598.10009765625,3274.699951171875,23739.869140625,3795.8798828125
2020-01-10,146.91000366210938,7587.89990234375,3265.35009765625,23850.5703125,3789.52001953125
2020-01-13,145.82000732421875,7617.60009765625,3288.1298828125,23850.5703125,3779.679931640625
2020-01-14,145.69000244140625,7622.39990234375,3283.14990234375,24025.169921875,3774.8798828125
2020-01-15,146.5399932861328,7642.7998046875,3289.2900390625,23916.580078125,3768.9599609375
2020-01-16,146.30999755859375,7609.7998046875,3316.81005859375,23933.130859375,3774.139892578125
2020-01-17,146.5800018310547,7674.60009765625,3329.6201171875,24041.259765625,3808.260009765625
2020-01-20,146.5800018310547,7651.39990234375,3329.6201171875,24083.509765625,3799.030029296875
2020-01-21,146.74000549316406,7610.7001953125,3320.7900390625,23864.560546875,3789.1201171875
2020-01-22,146.7899932861328,7571.89990234375,3321.75,24031.349609375,3769.7900390625
2020-01-23,147.1199951171875,7507.7001953125,3325.5400390625,23795.439453125,3736.85009765625
2020-01-24,147.97999572753906,7586.0,3295.469970703125,23827.1796875,3779.159912109375
2020-01-27,148.99000549316406,7412.10009765625,3243.6298828125,23343.509765625,3677.840087890625
2020-01-28,147.66000366210938,7480.7001953125,3276.239990234375,23215.7109375,3719.219970703125
2020-01-29,148.4600067138672,7483.60009765625,3273.39990234375,23379.400390625,3736.360107421875
2020-01-30,148.47000122070312,7382.0,3283.659912109375,22977.75,3690.780029296875
2020-01-31,149.3300018310547,7286.0,3225.52001953125,23205.1796875,3640.909912109375
2020-02-03,148.36000061035156,7326.2998046875,3248.919921875,22971.939453125,3661.27001953125
2020-02-04,146.42999267578125,7439.7998046875,3297.590087890625,23084.58984375,3732.280029296875
2020-02-05,146.61000061035156,7482.5,3334.68994140625,23319.560546875,3777.840087890625
2020-02-06,147.39999389648438,7504.7998046875,3345.780029296875,23873.58984375,3805.52001953125
2020-02-07,147.7899932861328,7466.7001953125,3327.7099609375,23827.98046875,3798.489990234375
2020-02-10,148.1699981689453,7446.89990234375,3352.090087890625,23685.98046875,3793.179931640625
2020-02-11,147.66000366210938,7499.39990234375,3357.75,23685.98046875,3825.840087890625
2020-02-12,147.5399932861328,7534.39990234375,3379.449951171875,23861.2109375,3854.429931640625
2020-02-13,148.3800048828125,7452.0,3373.93994140625,23827.73046875,3846.739990234375
2020-02-14,149.0,7409.10009765625,3380.159912109375,23687.58984375,3840.969970703125
2020-02-17,149.0,7433.2998046875,3380.159912109375,23523.240234375,3853.27001953125
2020-02-18,150.91000366210938,7382.0,3370.2900390625,23193.80078125,3836.5400390625
2020-02-19,151.7899932861328,7457.0,3386.14990234375,23400.69921875,3865.179931640625
2020-02-20,152.41000366210938,7436.60009765625,3373.22998046875,23479.150390625,3822.97998046875
2020-02-21,154.6999969482422,7403.89990234375,3337.75,23386.740234375,3800.3798828125
2020-02-24,156.08999633789062,7156.7998046875,3225.889892578125,23386.740234375,3647.97998046875
2020-02-25,153.3000030517578,7017.89990234375,3128.2099609375,22605.41015625,3572.510009765625
2020-02-26,153.97000122070312,7042.5,3116.389892578125,22426.189453125,3577.679931640625
2020-02-27,154.0,6796.39990234375,2978.760009765625,21948.23046875,3455.919921875
2020-02-28,148.3800048828125,6580.60009765625,2954.219970703125,21142.9609375,3329.489990234375
2020-03-02,149.1999969482422,6654.89990234375,3090.22998046875,21344.080078125,3338.830078125
2020-03-03,153.88999938964844,6718.2001953125,3003.3701171875,21082.73046875,3371.969970703125
2020-03-04,154.16000366210938,6815.60009765625,3130.1201171875,21100.060546875,3420.56005859375
2020-03-05,157.49000549316406,6705.39990234375,3023.93994140625,21329.119140625,3363.580078125
2020-03-06,157.5500030517578,6462.60009765625,2972.3701171875,20749.75,3232.070068359375
2020-03-09,157.80999755859375,5965.7998046875,2746.56005859375,19698.759765625,2959.070068359375
2020-03-10,154.47999572753906,5960.2001953125,2882.22998046875,19867.119140625,2910.02001953125
2020-03-11,153.92999267578125,5876.5,2741.3798828125,19416.060546875,2905.56005859375
2020-03-12,147.7899932861328,5237.5,2480.639892578125,18559.630859375,2545.22998046875
2020-03-13,143.27999877929688,5366.10009765625,2711.02001953125,17431.05078125,2586.02001953125
2020-03-16,141.63999938964844,5151.10009765625,2386.1298828125,17002.0390625,2450.3701171875
2020-03-17,143.55999755859375,5294.89990234375,2529.18994140625,17011.529296875,2530.5
2020-03-18,140.6999969482422,5080.60009765625,2398.10009765625,16726.55078125,2385.820068359375
2020-03-19,138.0399932861328,5151.60009765625,2409.389892578125,16552.830078125,2454.080078125
2020-03-20,140.11000061035156,5190.7998046875,2304.919921875,16552.830078125,2548.5
2020-03-23,146.3000030517578,4993.89990234375,2237.39990234375,16887.779296875,2485.5400390625
2020-03-24,153.39999389648438,5446.0,2447.330078125,18092.349609375,2715.110107421875
2020-03-25,151.3000030517578,5688.2001953125,2475.56005859375,19546.630859375,2800.139892578125
2020-03-26,153.24000549316406,5815.7001953125,2630.070068359375,18664.599609375,2847.780029296875
2020-03-27,152.25,5510.2998046875,2541.469970703125,19389.4296875,2728.64990234375
2020-03-30,152.9199981689453,5563.7001953125,2626.64990234375,19084.970703125,2765.6201171875
2020-03-31,148.0500030517578,5672.0,2584.590087890625,18917.009765625,2786.89990234375
2020-04-01,149.4499969482422,5454.60009765625,2470.5,18065.41015625,2680.300048828125
2020-04-02,151.89999389648438,5480.2001953125,2526.89990234375,17818.720703125,2688.489990234375
2020-04-03,152.64999389648438,5415.5,2488.64990234375,17820.189453125,2662.989990234375
2020-04-06,156.8800048828125,5582.39990234375,2663.679931640625,18576.30078125,2795.969970703125
2020-04-07,156.0399932861328,5704.5,2659.409912109375,18950.1796875,2857.669921875
2020-04-08,154.64999389648438,5677.7001953125,2749.97998046875,19353.240234375,2851.27001953125
2020-04-09,158.69000244140625,5842.7001953125,2789.820068359375,19345.76953125,2892.7900390625
2020-04-10,158.69000244140625,5842.7001953125,2789.820068359375,19498.5,2892.7900390625
2020-04-13,161.41000366210938,5842.7001953125,2761.6298828125,19043.400390625,2892.7900390625
2020-04-14,162.67999267578125,5791.2998046875,2846.06005859375,19638.810546875,2917.739990234375
2020-04-15,161.85000610351562,5597.7001953125,2783.360107421875,19550.08984375,2808.199951171875
2020-04-16,161.7100067138672,5628.39990234375,2799.550048828125,19290.19921875,2812.35009765625
2020-04-17,158.57000732421875,5787.0,2874.56005859375,19897.259765625,2888.300048828125
2020-04-20,159.6999969482422,5812.7998046875,2823.159912109375,19669.119140625,2909.5
2020-04-21,158.61000061035156,5641.0,2736.56005859375,19280.779296875,2791.340087890625
2020-04-22,161.72999572753906,5770.60009765625,2799.31005859375,19137.94921875,2834.89990234375
2020-04-23,163.33999633789062,5826.60009765625,2797.800048828125,19429.439453125,2852.4599609375
2020-04-24,162.63999938964844,5752.2001953125,2836.739990234375,19262.0,2809.070068359375
2020-04-27,161.55999755859375,5846.7998046875,2878.47998046875,19783.220703125,2882.090087890625
2020-04-28,160.83999633789062,5958.5,2863.389892578125,19771.189453125,2932.06005859375
2020-04-29,161.72999572753906,6115.2998046875,2939.510009765625,19771.189453125,2996.080078125
2020-04-30,158.8000030517578,5901.2001953125,2912.429931640625,20193.689453125,2927.929931640625
2020-05-01,159.77999877929688,5763.10009765625,2830.7099609375,19619.349609375,2927.929931640625
2020-05-04,160.33999633789062,5753.7998046875,2842.739990234375,19619.349609375,2816.47998046875
2020-05-05,161.02000427246094,5849.39990234375,2868.43994140625,19619.349609375,2875.909912109375
2020-05-06,158.9499969482422,5853.7998046875,2848.419921875,19619.349609375,2843.760009765625
2020-05-07,161.38999938964844,5936.0,2881.18994140625,19674.76953125,2880.60009765625
2020-05-08,160.4199981689453,5936.0,2929.800048828125,20179.08984375,2908.110107421875
2020-05-11,159.4199981689453,5939.7001953125,2930.18994140625,20390.66015625,2883.75
2020-05-12,160.0399932861328,5994.7998046875,2870.1201171875,20366.48046875,2884.199951171875
2020-05-13,161.5800018310547,5904.10009765625,2820.0,20267.05078125,2810.550048828125
2020-05-14,163.00999450683594,5741.5,2852.5,19914.779296875,2760.22998046875
2020-05-15,163.92999267578125,5799.7998046875,2863.699951171875,20037.470703125,2770.699951171875
2020-05-18,162.69000244140625,6048.60009765625,2953.909912109375,20133.73046875,2911.8798828125
2020-05-19,164.25999450683594,6002.2001953125,2922.93994140625,20433.44921875,2902.580078125
2020-05-20,164.64999389648438,6067.2001953125,2971.610107421875,20595.150390625,2942.389892578125
2020-05-21,162.25,6015.2998046875,2948.510009765625,20552.310546875,2942.389892578125
2020-05-22,163.2100067138672,5993.2998046875,2955.449951171875,20388.16015625,2905.469970703125
2020-05-25,163.2100067138672,5993.2998046875,2955.449951171875,20741.650390625,2971.35009765625
2020-05-26,160.88999938964844,6067.7998046875,2991.77001953125,21271.169921875,2999.219970703125
2020-05-27,161.17999267578125,6144.2998046875,3036.1298828125,21419.23046875,3051.080078125
2020-05-28,161.72000122070312,6218.7998046875,3029.72998046875,21916.310546875,3094.469970703125
2020-05-29,162.91000366210938,6076.60009765625,3044.31005859375,21877.890625,3050.199951171875
2020-06-01,163.66000366210938,6166.39990234375,3055.72998046875,22062.390625,3050.199951171875
2020-06-02,162.60000610351562,6220.10009765625,3080.820068359375,22325.609375,3159.02001953125
2020-06-03,159.60000610351562,6382.39990234375,3122.8701171875,22613.759765625,3269.590087890625
2020-06-04,161.27999877929688,6341.39990234375,3112.35009765625,22695.740234375,3261.669921875
2020-06-05,158.00999450683594,6484.2998046875,3193.929931640625,22863.73046875,3384.2900390625
2020-06-08,159.72000122070312,6472.60009765625,3232.389892578125,23178.099609375,3366.2900390625
2020-06-09,161.25999450683594,6335.7001953125,3207.179931640625,23091.029296875,3320.7099609375
2020-06-10,163.57000732421875,6329.10009765625,3190.139892578125,23124.94921875,3293.7099609375
2020-06-11,162.38999938964844,6076.7001953125,3002.10009765625,22472.91015625,3144.570068359375
2020-06-12,162.6199951171875,6105.2001953125,3041.31005859375,22305.48046875,3153.739990234375
2020-06-15,162.3300018310547,6064.7001953125,3066.590087890625,21530.94921875,3136.39990234375
2020-06-16,162.25,6242.7998046875,3124.739990234375,22582.2109375,3242.64990234375
2020-06-17,162.55999755859375,6253.2998046875,3113.489990234375,22455.759765625,3267.260009765625
2020-06-18,162.24000549316406,6224.10009765625,3115.340087890625,22355.4609375,3249.89990234375
2020-06-19,164.02999877929688,6292.60009765625,3097.739990234375,22478.7890625,3269.10009765625
2020-06-22,165.08999633789062,6244.60009765625,3117.860107421875,22437.26953125,3241.68994140625
2020-06-23,166.47999572753906,6320.10009765625,3131.2900390625,22549.05078125,3298.830078125
2020-06-24,165.89999389648438,6123.7001953125,3050.330078125,22534.3203125,3196.1201171875
2020-06-25,165.8000030517578,6147.10009765625,3083.760009765625,22259.7890625,3218.909912109375
2020-06-26,166.5399932861328,6159.2998046875,3009.050048828125,22512.080078125,3204.169921875
2020-06-29,166.6300048828125,6225.7998046875,3053.239990234375,21995.0390625,3232.02001953125
2020-06-30,167.3699951171875,6169.7001953125,3100.2900390625,22288.140625,3234.070068359375
2020-07-01,166.6199951171875,6158.0,3115.860107421875,22121.73046875,3228.449951171875
2020-07-02,166.97999572753906,6240.39990234375,3130.010009765625,22145.9609375,3320.090087890625
2020-07-03,166.97999572753906,6157.2998046875,3130.010009765625,22306.48046875,3294.3798828125
2020-07-06,167.97999572753906,6285.89990234375,3179.719970703125,22714.439453125,3350.030029296875
2020-07-07,169.0399932861328,6189.89990234375,3145.320068359375,22614.689453125,3321.56005859375
2020-07-08,170.08999633789062,6156.2001953125,3169.93994140625,22438.650390625,3286.090087890625
2020-07-09,169.6300048828125,6049.60009765625,3152.050048828125,22529.2890625,3261.169921875
2020-07-10,169.19000244140625,6095.39990234375,3185.0400390625,22290.810546875,3296.219970703125
2020-07-13,169.39999389648438,6176.2001953125,3155.219970703125,22784.740234375,3350.0
2020-07-14,170.19000244140625,6179.7998046875,3197.52001953125,22587.009765625,3321.389892578125
2020-07-15,170.33999633789062,6292.7001953125,3226.56005859375,22945.5,3378.2099609375
2020-07-16,168.72999572753906,6250.7001953125,3215.570068359375,22770.359375,3365.35009765625
2020-07-17,170.1199951171875,6290.2998046875,3224.72998046875,22696.419921875,3365.60009765625
2020-07-20,170.94000244140625,6261.5,3251.840087890625,22717.48046875,3388.340087890625
2020-07-21,173.0,6269.7001953125,3257.300048828125,22884.220703125,3405.35009765625
2020-07-22,175.6300048828125,6207.10009765625,3276.02001953125,22751.609375,3370.760009765625
2020-07-23,177.17999267578125,6211.39990234375,3235.659912109375,22751.609375,3371.739990234375
2020-07-24,178.6999969482422,6123.7998046875,3215.6298828125,22751.609375,3310.889892578125
2020-07-27,182.22999572753906,6104.89990234375,3239.409912109375,22715.849609375,3302.840087890625
2020-07-28,183.75,6129.2998046875,3218.43994140625,22657.380859375,3303.56005859375
2020-07-29,185.1300048828125,6131.5,3258.43994140625,22397.109375,3300.159912109375
2020-07-30,183.75999450683594,5990.0,3246.219970703125,22339.23046875,3208.199951171875
2020-07-31,185.42999267578125,5897.7998046875,3271.1201171875,21710.0,3174.320068359375
2020-08-03,185.63999938964844,6032.89990234375,3294.610107421875,22195.380859375,3248.280029296875
2020-08-04,189.58999633789062,6036.0,3306.510009765625,22573.66015625,3254.2900390625
2020-08-05,191.35000610351562,6104.7001953125,3327.77001953125,22514.849609375,3268.3798828125
2020-08-06,193.88999938964844,6026.89990234375,3349.159912109375,22418.150390625,3240.389892578125
2020-08-07,190.80999755859375,6032.2001953125,3351.280029296875,22329.939453125,3252.64990234375
2020-08-10,190.14999389648438,6050.60009765625,3360.469970703125,22329.939453125,3259.7099609375
2020-08-11,179.94000244140625,6154.2998046875,3333.68994140625,22750.240234375,3332.1201171875
2020-08-12,179.10000610351562,6280.10009765625,3380.35009765625,22843.9609375,3363.179931640625
2020-08-13,183.3300018310547,6185.60009765625,3373.429931640625,23249.609375,3342.85009765625
2020-08-14,182.5399932861328,6090.0,3372.85009765625,23289.359375,3305.050048828125
2020-08-17,186.5,6127.39990234375,3381.989990234375,23096.75,3305.85009765625
2020-08-18,188.17999267578125,6076.60009765625,3389.780029296875,23051.080078125,3289.639892578125
2020-08-19,182.24000549316406,6112.0,3374.85009765625,23110.609375,3317.6201171875
2020-08-20,183.5,6013.2998046875,3385.510009765625,22880.619140625,3273.97998046875
2020-08-21,182.02999877929688,6001.89990234375,3397.159912109375,22920.30078125,3259.75
2020-08-24,181.0,6104.7001953125,3431.280029296875,22985.509765625,3331.739990234375
2020-08-25,181.22000122070312,6037.0,3443.6201171875,23296.76953125,3329.7099609375
2020-08-26,183.36000061035156,6045.60009765625,3478.72998046875,23290.859375,3356.760009765625
2020-08-27,181.24000549316406,6000.0,3484.550048828125,23208.859375,3331.0400390625
2020-08-28,184.38999938964844,5963.60009765625,3508.010009765625,22882.650390625,3315.5400390625
2020-08-31,184.8300018310547,5963.60009765625,3500.31005859375,23139.759765625,3272.510009765625
2020-09-01,185.0500030517578,5862.10009765625,3526.64990234375,23138.0703125,3277.580078125
2020-09-02,182.6199951171875,5941.0,3580.840087890625,23247.150390625,3337.77001953125
2020-09-03,181.13999938964844,5850.89990234375,3455.06005859375,23465.529296875,3304.219970703125
2020-09-04,181.63999938964844,5799.10009765625,3426.9599609375,23205.4296875,3260.590087890625
2020-09-07,181.63999938964844,5937.39990234375,3426.9599609375,23089.94921875,3314.070068359375
2020-09-08,181.2899932861328,5930.2998046875,3331.840087890625,23274.130859375,3267.3701171875
2020-09-09,183.0500030517578,6012.7998046875,3398.9599609375,23032.5390625,3324.830078125
2020-09-10,182.4600067138672,6003.2998046875,3339.18994140625,23235.470703125,3312.77001953125
2020-09-11,182.4499969482422,6032.10009765625,3340.969970703125,23406.490234375,3315.81005859375
2020-09-14,183.88999938964844,6026.2998046875,3383.5400390625,23559.30078125,3316.7900390625
2020-09-15,183.4499969482422,6105.5,3401.199951171875,23454.890625,3332.260009765625
2020-09-16,183.97000122070312,6078.5,3385.489990234375,23475.529296875,3338.840087890625
2020-09-17,182.9600067138672,6049.89990234375,3357.010009765625,23319.369140625,3316.570068359375
2020-09-18,183.1999969482422,6007.10009765625,3319.469970703125,23360.30078125,3283.68994140625
2020-09-21,179.52000427246094,5804.2998046875,3281.06005859375,23360.30078125,3160.949951171875
2020-09-22,178.64999389648438,5829.5,3315.570068359375,23360.30078125,3164.1298828125
2020-09-23,174.7899932861328,5899.2998046875,3236.919921875,23346.490234375,3180.110107421875
2020-09-24,175.44000244140625,5822.7998046875,3246.590087890625,23087.8203125,3159.639892578125
2020-09-25,174.94000244140625,5842.7001953125,3298.4599609375,23204.619140625,3137.06005859375
2020-09-28,176.6999969482422,5927.89990234375,3351.60009765625,23511.619140625,3223.18994140625
2020-09-29,178.19000244140625,5897.5,3335.469970703125,23539.099609375,3214.300048828125
2020-09-30,177.1199951171875,5866.10009765625,3363.0,23185.119140625,3193.610107421875
2020-10-01,178.6999969482422,5879.5,3380.800048828125,23185.119140625,3194.090087890625
2020-10-02,178.5399932861328,5902.10009765625,3348.419921875,23029.900390625,3190.929931640625
2020-10-05,179.41000366210938,5942.89990234375,3408.60009765625,23312.140625,3220.219970703125
2020-10-06,177.3000030517578,5949.89990234375,3360.969970703125,23433.73046875,3233.300048828125
2020-10-07,177.22000122070312,5946.2998046875,3419.43994140625,23422.8203125,3233.429931640625
2020-10-08,177.85000610351562,5978.0,3446.830078125,23647.0703125,3255.760009765625
2020-10-09,181.0800018310547,6016.7001953125,3477.139892578125,23619.689453125,3273.1201171875
2020-10-12,180.55999755859375,6001.39990234375,3534.219970703125,23558.689453125,3298.1201171875
2020-10-13,177.72000122070312,5969.7001953125,3511.929931640625,23601.779296875,3279.18994140625
2020-10-14,178.27000427246094,5935.10009765625,3488.669921875,23626.73046875,3273.280029296875
2020-10-15,178.9199981689453,5832.5,3483.340087890625,23507.23046875,3192.68994140625
2020-10-16,178.3000030517578,5919.60009765625,3483.81005859375,23410.630859375,3245.469970703125
2020-10-19,178.38999938964844,5884.7001953125,3426.919921875,23671.130859375,3242.510009765625
2020-10-20,179.25,5889.2001953125,3443.1201171875,23567.0390625,3227.8701171875
2020-10-21,180.60000610351562,5776.5,3435.56005859375,23639.4609375,3180.699951171875
2020-10-22,178.8300018310547,5785.7001953125,3453.489990234375,23474.26953125,3171.409912109375
2020-10-23,178.63999938964844,5860.2998046875,3465.389892578125,23516.58984375,3198.860107421875
2020-10-26,178.5500030517578,5792.0,3400.969970703125,23494.33984375,3105.25
2020-10-27,179.02000427246094,5729.0,3390.679931640625,23485.80078125,3070.60009765625
2020-10-28,176.1300048828125,5582.7998046875,3271.030029296875,23418.509765625,2963.5400390625
2020-10-29,175.39999389648438,5581.7998046875,3310.110107421875,23331.939453125,2960.030029296875
2020-10-30,176.1999969482422,5577.2998046875,3269.9599609375,22977.130859375,2958.2099609375
2020-11-02,177.91000366210938,5655.0,3310.239990234375,23295.48046875,3019.5400390625
2020-11-03,178.9199981689453,5786.7998046875,3369.159912109375,23295.48046875,3098.719970703125
2020-11-04,178.82000732421875,5883.2998046875,3443.43994140625,23695.23046875,3161.070068359375
2020-11-05,182.92999267578125,5906.2001953125,3510.449951171875,24105.279296875,3215.56005859375
2020-11-06,183.19000244140625,5910.0,3509.43994140625,24325.23046875,3204.050048828125
2020-11-09,175.0800018310547,6186.2998046875,3550.5,24839.83984375,3407.909912109375
2020-11-10,175.66000366210938,6296.89990234375,3545.530029296875,24905.58984375,3442.6201171875
2020-11-11,174.89999389648438,6382.10009765625,3572.659912109375,25349.599609375,3467.300048828125
2020-11-12,175.9600067138672,6338.89990234375,3537.010009765625,25520.880859375,3428.199951171875
2020-11-13,177.16000366210938,6316.39990234375,3585.14990234375,25385.869140625,3432.070068359375
2020-11-16,177.14999389648438,6421.2998046875,3626.909912109375,25906.9296875,3466.2099609375
2020-11-17,176.5,6365.2998046875,3609.530029296875,26014.619140625,3468.47998046875
2020-11-18,175.49000549316406,6385.2001953125,3567.7900390625,25728.140625,3482.169921875
2020-11-19,175.16000366210938,6334.39990234375,3581.8701171875,25634.33984375,3451.969970703125
2020-11-20,175.69000244140625,6351.5,3557.5400390625,25527.369140625,3467.60009765625
2020-11-23,172.22999572753906,6333.7998046875,3577.590087890625,25527.369140625,3463.0400390625
2020-11-24,169.58999633789062,6432.2001953125,3635.409912109375,26165.58984375,3507.97998046875
2020-11-25,169.50999450683594,6391.10009765625,3629.64990234375,26296.859375,3511.89990234375
2020-11-26,169.50999450683594,6362.89990234375,3629.64990234375,26537.310546875,3510.93994140625
2020-11-27,167.7899932861328,6367.60009765625,3638.35009765625,26644.7109375,3527.7900390625
2020-11-30,166.6699981689453,6266.2001953125,3621.6298828125,26433.619140625,3492.5400390625
2020-12-01,170.17999267578125,6384.7001953125,3662.449951171875,26787.5390625,3525.239990234375
2020-12-02,171.4600067138672,6463.39990234375,3669.010009765625,26800.98046875,3521.320068359375
2020-12-03,172.80999755859375,6490.2998046875,3666.719970703125,26809.369140625,3517.10009765625
2020-12-04,172.32000732421875,6550.2001953125,3699.1201171875,26751.240234375,3539.27001953125
2020-12-07,174.88999938964844,6555.39990234375,3691.9599609375,26547.439453125,3530.080078125
2020-12-08,175.5,6558.7998046875,3702.25,26467.080078125,3525.8701171875
2020-12-09,172.5,6564.2998046875,3672.820068359375,26817.939453125,3529.02001953125
2020-12-10,172.1699981689453,6599.7998046875,3668.10009765625,26756.240234375,3522.31005859375
2020-12-11,172.49000549316406,6546.7998046875,3663.4599609375,26652.51953125,3485.840087890625
2020-12-14,171.5399932861328,6531.7998046875,3647.489990234375,26732.439453125,3503.9599609375
2020-12-15,173.94000244140625,6513.2998046875,3694.6201171875,26687.83984375,3521.5
2020-12-16,174.89999389648438,6570.89990234375,3701.169921875,26757.400390625,3543.0
2020-12-17,176.74000549316406,6551.10009765625,3722.47998046875,26806.669921875,3560.8701171875
2020-12-18,176.44000244140625,6529.2001953125,3709.409912109375,26763.390625,3545.739990234375
2020-12-21,175.8800048828125,6416.2998046875,3694.919921875,26714.419921875,3448.679931640625
2020-12-22,174.49000549316406,6416.2998046875,3687.260009765625,26436.390625,3497.489990234375
2020-12-23,175.64999389648438,6495.7998046875,3690.010009765625,26524.7890625,3539.260009765625
2020-12-24,176.35000610351562,6502.10009765625,3703.06005859375,26668.349609375,3539.260009765625
2020-12-25,176.35000610351562,6502.10009765625,3703.06005859375,26656.609375,3539.260009765625
2020-12-28,175.7100067138672,6502.10009765625,3735.360107421875,26854.029296875,3575.409912109375
2020-12-29,176.35000610351562,6602.7001953125,3727.0400390625,27568.150390625,3581.3701171875
2020-12-30,177.6999969482422,6555.7998046875,3732.0400390625,27444.169921875,3571.590087890625
2020-12-31,178.36000061035156,6460.5,3756.070068359375,27444.169921875,3571.590087890625
2021-01-04,182.3300018310547,6571.89990234375,3700.64990234375,27258.380859375,3564.389892578125
2021-01-05,182.8699951171875,6612.2998046875,3726.860107421875,27158.630859375,3547.85009765625
2021-01-06,179.89999389648438,6841.89990234375,3748.139892578125,27055.939453125,3611.080078125
2021-01-07,179.47999572753906,6857.0,3803.7900390625,27490.130859375,3622.419921875
2021-01-08,173.33999633789062,6873.2998046875,3824.679931640625,28139.029296875,3645.050048828125
2021-01-11,173.0,6798.5,3799.610107421875,28139.029296875,3620.6201171875
2021-01-12,174.1199951171875,6754.10009765625,3801.18994140625,28164.33984375,3612.1298828125
2021-01-13,173.3699951171875,6745.5,3809.840087890625,28456.58984375,3616.510009765625
2021-01-14,173.27999877929688,6802.0,3795.5400390625,28698.259765625,3641.3701171875
2021-01-15,171.1300048828125,6735.7001953125,3768.25,28519.1796875,3599.550048828125
2021-01-18,171.1300048828125,6720.7001953125,3768.25,28242.2109375,3602.669921875
2021-01-19,172.5800018310547,6713.0,3798.909912109375,28633.4609375,3595.419921875
2021-01-20,175.38999938964844,6740.39990234375,3851.85009765625,28523.259765625,3624.0400390625
2021-01-21,175.27999877929688,6715.39990234375,3853.070068359375,28756.859375,3618.35009765625
2021-01-22,173.89999389648438,6695.10009765625,3841.469970703125,28631.44921875,3602.409912109375
2021-01-25,174.0500030517578,6638.89990234375,3855.360107421875,28822.2890625,3553.139892578125
2021-01-26,173.6199951171875,6654.0,3849.6201171875,28546.1796875,3592.830078125
2021-01-27,172.52000427246094,6567.39990234375,3750.77001953125,28635.2109375,3536.3798828125
2021-01-28,172.67999267578125,6526.2001953125,3787.3798828125,28197.419921875,3557.0400390625
2021-01-29,172.61000061035156,6407.5,3714.239990234375,27663.390625,3481.43994140625
2021-02-01,174.22999572753906,6466.39990234375,3773.860107421875,28091.05078125,3530.85009765625
2021-02-02,172.11000061035156,6516.7001953125,3826.31005859375,28362.169921875,3590.4599609375
2021-02-03,171.85000610351562,6507.7998046875,3830.169921875,28646.5,3609.75
2021-02-04,168.14999389648438,6503.7001953125,3871.739990234375,28341.94921875,3642.1201171875
2021-02-05,169.80999755859375,6489.2998046875,3886.830078125,28779.189453125,3655.77001953125
2021-02-08,171.52000427246094,6523.5,3915.590087890625,29388.5,3665.510009765625
2021-02-09,172.0800018310547,6531.60009765625,3911.22998046875,29505.9296875,3661.1298828125
2021-02-10,172.7100067138672,6524.39990234375,3909.8798828125,29562.9296875,3648.3701171875
2021-02-11,171.2100067138672,6528.7001953125,3916.3798828125,29562.9296875,3671.679931640625
2021-02-12,170.69000244140625,6589.7998046875,3934.830078125,29520.0703125,3695.610107421875
2021-02-15,170.69000244140625,6756.10009765625,3934.830078125,30084.150390625,3734.199951171875
2021-02-16,168.24000549316406,6748.89990234375,3932.590087890625,30467.75,3726.39990234375
2021-02-17,166.3300018310547,6710.89990234375,3931.330078125,30292.189453125,3699.85009765625
2021-02-18,166.32000732421875,6617.2001953125,3913.969970703125,30236.08984375,3681.0400390625
2021-02-19,167.00999450683594,6624.0,3906.7099609375,30017.919921875,3713.4599609375
2021-02-22,169.50999450683594,6612.2001953125,3876.5,30156.029296875,3699.85009765625
2021-02-23,169.1199951171875,6625.89990234375,3881.3701171875,30156.029296875,3689.10009765625
2021-02-24,169.0,6659.0,3925.429931640625,29671.69921875,3705.989990234375
2021-02-25,165.82000732421875,6652.0,3829.340087890625,30168.26953125,3685.280029296875
2021-02-26,161.80999755859375,6483.39990234375,3811.14990234375,28966.009765625,3636.43994140625
2021-03-01,161.52999877929688,6588.5,3901.820068359375,29663.5,3706.6201171875
2021-03-02,162.41000366210938,6613.7998046875,3870.2900390625,29408.169921875,3707.719970703125
2021-03-03,160.6199951171875,6675.5,3819.719970703125,29559.099609375,3712.780029296875
2021-03-04,159.0399932861328,6650.89990234375,3768.469970703125,28930.109375,3704.85009765625
2021-03-05,159.13999938964844,6630.5,3841.93994140625,28864.3203125,3669.5400390625
2021-03-08,157.49000549316406,6719.10009765625,3821.35009765625,28743.25,3763.239990234375
2021-03-09,160.83999633789062,6730.2998046875,3875.43994140625,29027.939453125,3786.050048828125
2021-03-10,161.66000366210938,6725.60009765625,3898.81005859375,29036.560546875,3819.919921875
2021-03-11,161.52000427246094,6737.0,3939.340087890625,29211.640625,3845.639892578125
2021-03-12,161.49000549316406,6761.5,3943.340087890625,29717.830078125,3833.360107421875
2021-03-15,162.1999969482422,6749.7001953125,3968.93994140625,29766.970703125,3829.840087890625
2021-03-16,162.35000610351562,6803.60009765625,3962.7099609375,29921.08984375,3850.9599609375
2021-03-17,163.50999450683594,6762.7001953125,3974.1201171875,29914.330078125,3849.739990234375
2021-03-18,162.55999755859375,6779.7001953125,3915.4599609375,30216.75,3867.5400390625
2021-03-19,163.24000549316406,6708.7001953125,3913.10009765625,29792.05078125,3837.02001953125
2021-03-22,163.0,6726.10009765625,3940.590087890625,29174.150390625,3833.840087890625
2021-03-23,161.80999755859375,6699.2001953125,3910.52001953125,28995.919921875,3827.02001953125
2021-03-24,162.3699951171875,6712.89990234375,3889.139892578125,28405.51953125,3832.550048828125
2021-03-25,161.77999877929688,6674.7998046875,3909.52001953125,28729.880859375,3832.570068359375
2021-03-26,162.24000549316406,6740.60009765625,3974.5400390625,29176.69921875,3866.679931640625
2021-03-29,160.30999755859375,6736.2001953125,3971.090087890625,29384.51953125,3882.8701171875
2021-03-30,157.57000732421875,6772.10009765625,3958.550048828125,29432.69921875,3926.199951171875
2021-03-31,159.9600067138672,6713.60009765625,3972.889892578125,29178.80078125,3919.2099609375
2021-04-01,161.97999572753906,6737.2998046875,4019.8701171875,29388.869140625,3945.9599609375
2021-04-02,161.97999572753906,6737.2998046875,4019.8701171875,29854.0,3945.9599609375
2021-04-05,161.9199981689453,6737.2998046875,4077.909912109375,30089.25,3945.9599609375
2021-04-06,163.22000122070312,6823.60009765625,4073.93994140625,29696.630859375,3970.419921875
2021-04-07,162.75999450683594,6885.2998046875,4079.949951171875,29730.7890625,3956.77001953125
2021-04-08,164.50999450683594,6942.2001953125,4097.169921875,29708.98046875,3977.830078125
2021-04-09,163.27000427246094,6915.7998046875,4128.7998046875,29768.060546875,3978.840087890625
2021-04-12,162.27999877929688,6889.10009765625,4127.990234375,29538.73046875,3961.89990234375
2021-04-13,163.42999267578125,6890.5,4141.58984375,29751.609375,3966.989990234375
2021-04-14,162.72000122070312,6939.60009765625,4124.66015625,29620.990234375,3976.280029296875
2021-04-15,165.35000610351562,6983.5,4170.419921875,29642.689453125,3993.429931640625
2021-04-16,166.35000610351562,7019.5,4185.47021484375,29683.369140625,4032.989990234375
2021-04-19,165.88999938964844,7000.10009765625,4163.259765625,29685.369140625,4019.909912109375
2021-04-20,166.47999572753906,6859.89990234375,4134.93994140625,29100.380859375,3940.4599609375
2021-04-21,168.1300048828125,6895.2998046875,4173.419921875,28508.55078125,3976.409912109375
2021-04-22,167.0399932861328,6938.2001953125,4134.97998046875,29188.169921875,4014.800048828125
2021-04-23,166.39999389648438,6938.60009765625,4180.169921875,29020.630859375,4013.340087890625
2021-04-26,166.83999633789062,6963.10009765625,4187.6201171875,29126.23046875,4020.830078125
2021-04-27,166.4199981689453,6945.0,4186.72021484375,28991.890625,4011.909912109375
2021-04-28,166.91000366210938,6963.7001953125,4183.18017578125,29053.970703125,4015.030029296875
2021-04-29,166.22000122070312,6961.5,4211.47021484375,29053.970703125,3996.89990234375
2021-04-30,165.66000366210938,6969.7998046875,4181.169921875,28812.630859375,3974.739990234375
2021-05-03,167.80999755859375,6969.7998046875,4192.66015625,28812.630859375,4000.25
2021-05-04,166.5800018310547,6923.2001953125,4164.66015625,28812.630859375,3924.800048828125
2021-05-05,167.27000427246094,7039.2998046875,4167.58984375,28812.630859375,4002.7900390625
2021-05-06,170.05999755859375,7076.2001953125,4201.6201171875,29331.369140625,3999.43994140625
2021-05-07,171.58999633789062,7129.7001953125,4232.60009765625,29357.8203125,4034.25
2021-05-10,172.11000061035156,7123.7001953125,4188.43017578125,29518.33984375,4023.35009765625
2021-05-11,172.13999938964844,6948.0,4152.10009765625,28608.58984375,3946.06005859375
2021-05-12,170.42999267578125,7004.60009765625,4063.0400390625,28147.509765625,3947.429931640625
2021-05-13,171.1300048828125,6963.2998046875,4112.5,27448.009765625,3947.429931640625
2021-05-14,172.69000244140625,7043.60009765625,4173.85009765625,28084.470703125,4017.43994140625
2021-05-17,174.6999969482422,7032.89990234375,4163.2900390625,27824.830078125,4006.840087890625
2021-05-18,175.0399932861328,7034.2001953125,4127.830078125,28406.83984375,4005.340087890625
2021-05-19,175.16000366210938,6950.2001953125,4115.68017578125,28044.44921875,3936.739990234375
2021-05-20,175.9600067138672,7019.7998046875,4159.1201171875,28098.25,3999.909912109375
2021-05-21,176.0399932861328,7018.10009765625,4155.85986328125,28317.830078125,4025.780029296875
2021-05-24,176.35000610351562,7051.60009765625,4197.0498046875,28364.609375,4025.780029296875
2021-05-25,177.9499969482422,7029.7998046875,4188.1298828125,28553.98046875,4036.0400390625
2021-05-26,177.63999938964844,7026.89990234375,4195.990234375,28642.189453125,4031.669921875
2021-05-27,177.7100067138672,7019.7001953125,4200.8798828125,28549.009765625,4039.2099609375
2021-05-28,178.3800048828125,7022.60009765625,4204.10986328125,29149.41015625,4070.56005859375
2021-05-31,178.3800048828125,7022.60009765625,4204.10986328125,28860.080078125,4039.4599609375
2021-06-01,177.89999389648438,7080.5,4202.0400390625,28814.33984375,4071.75
2021-06-02,178.77000427246094,7108.0,4208.1201171875,28946.140625,4088.5
2021-06-03,175.27000427246094,7064.39990234375,4192.85009765625,29058.109375,4079.239990234375
2021-06-04,177.16000366210938,7069.0,4229.89013671875,28941.51953125,4089.3798828125
2021-06-07,177.8699951171875,7077.2001953125,4226.52001953125,29019.240234375,4097.64990234375
2021-06-08,177.32000732421875,7095.10009765625,4227.259765625,28963.560546875,4096.009765625
2021-06-09,176.97999572753906,7081.0,4219.5498046875,28860.80078125,4096.85009765625
2021-06-10,177.74000549316406,7088.2001953125,4239.18017578125,28958.560546875,4096.06982421875
2021-06-11,175.74000549316406,7134.10009765625,4247.43994140625,28948.73046875,4126.7001953125
2021-06-14,174.7100067138672,7146.7001953125,4255.14990234375,29161.80078125,4132.669921875
2021-06-15,174.0500030517578,7172.5,4246.58984375,29441.30078125,4143.52001953125
2021-06-16,171.11000061035156,7185.0,4223.7001953125,29291.009765625,4151.759765625
2021-06-17,165.85000610351562,7153.39990234375,4221.85986328125,29018.330078125,4158.14013671875
2021-06-18,164.92999267578125,7017.5,4166.4501953125,28964.080078125,4083.3701171875
2021-06-21,166.9499969482422,7062.2998046875,4224.7900390625,28010.9296875,4112.330078125
2021-06-22,166.25,7090.0,4246.43994140625,28884.130859375,4123.1298828125
2021-06-23,166.13999938964844,7074.10009765625,4241.83984375,28874.890625,4075.93994140625
2021-06-24,166.0399932861328,7110.0,4266.490234375,28875.23046875,4122.43017578125
2021-06-25,166.58999633789062,7136.10009765625,4280.7001953125,29066.1796875,4120.66015625
2021-06-28,166.5800018310547,7073.0,4290.60986328125,29048.01953125,4089.909912109375
2021-06-29,164.8300018310547,7087.60009765625,4291.7998046875,28812.609375,4107.509765625
2021-06-30,165.6300048828125,7037.5,4297.5,28791.529296875,4064.300048828125
2021-07-01,166.1999969482422,7125.2001953125,4319.93994140625,28707.0390625,4078.889892578125
2021-07-02,167.2899932861328,7123.2998046875,4352.33984375,28783.279296875,4084.31005859375
2021-07-05,167.2899932861328,7164.89990234375,4352.33984375,28598.189453125,4087.3701171875
2021-07-06,168.1199951171875,7100.89990234375,4343.5400390625,28643.2109375,4052.669921875
2021-07-07,168.75999450683594,7151.0,4358.1298828125,28366.94921875,4078.530029296875
2021-07-08,168.64999389648438,7030.7001953125,4320.81982421875,28118.029296875,3991.659912109375
2021-07-09,169.2100067138672,7121.89990234375,4369.5498046875,27940.419921875,4068.090087890625
2021-07-12,169.0,7125.39990234375,4384.6298828125,28569.01953125,4093.3798828125
2021-07-13,169.22000122070312,7124.7001953125,4369.2099609375,28718.240234375,4094.56005859375
2021-07-14,171.0399932861328,7091.2001953125,4374.2998046875,28608.490234375,4099.5
2021-07-15,171.07000732421875,7012.0,4360.02978515625,28279.08984375,4056.389892578125
2021-07-16,169.41000366210938,7008.10009765625,4327.16015625,28003.080078125,4035.77001953125
2021-07-19,169.61000061035156,6844.39990234375,4258.490234375,27652.740234375,3928.530029296875
2021-07-20,169.38999938964844,6881.10009765625,4323.06005859375,27388.16015625,3956.340087890625
2021-07-21,168.75999450683594,6998.2998046875,4358.68994140625,27548.0,4026.679931640625
2021-07-22,169.08999633789062,6968.2998046875,4367.47998046875,27548.0,4059.050048828125
2021-07-23,168.55999755859375,7027.60009765625,4411.7900390625,27548.0,4109.10009765625
2021-07-26,168.16000366210938,7025.39990234375,4422.2998046875,27833.2890625,4102.58984375
2021-07-27,168.44000244140625,6996.10009765625,4401.4599609375,27970.220703125,4064.830078125
2021-07-28,169.2899932861328,7016.60009765625,4400.64013671875,27581.66015625,4103.02978515625
2021-07-29,171.1699981689453,7078.39990234375,4419.14990234375,27782.419921875,4116.77001953125
2021-07-30,169.82000732421875,7032.2998046875,4395.259765625,27283.58984375,4089.300048828125
2021-08-02,169.61000061035156,7081.7001953125,4387.16015625,27781.01953125,4116.6201171875
2021-08-03,169.49000549316406,7105.7001953125,4423.14990234375,27641.830078125,4117.9501953125
2021-08-04,169.52999877929688,7123.89990234375,4402.66015625,27584.080078125,4144.89990234375
2021-08-05,168.86000061035156,7120.39990234375,4429.10009765625,27728.119140625,4161.080078125
2021-08-06,164.63999938964844,7123.0,4436.52001953125,27820.0390625,4174.5400390625
2021-08-09,161.72000122070312,7132.2998046875,4432.35009765625,27820.0390625,4177.14990234375
2021-08-10,161.77000427246094,7161.0,4436.75,27888.150390625,4187.81982421875
2021-08-11,164.0,7220.10009765625,4442.41015625,28070.509765625,4206.330078125
2021-08-12,164.0399932861328,7193.2001953125,4460.830078125,28015.01953125,4226.330078125
2021-08-13,166.38999938964844,7218.7001953125,4468.0,27977.150390625,4229.7001953125
2021-08-16,167.22000122070312,7154.0,4479.7099609375,27523.189453125,4202.43994140625
2021-08-17,166.97000122070312,7181.10009765625,4448.080078125,27424.470703125,4196.39990234375
2021-08-18,167.10000610351562,7169.2998046875,4400.27001953125,27585.91015625,4189.419921875
2021-08-19,166.61000061035156,7058.89990234375,4405.7998046875,27281.169921875,4124.7099609375
2021-08-20,166.6999969482422,7087.89990234375,4441.669921875,27013.25,4147.5
2021-08-23,168.72999572753906,7109.0,4479.52978515625,27494.240234375,4176.419921875
2021-08-24,168.64999389648438,7125.7998046875,4486.22998046875,27732.099609375,4178.080078125
2021-08-25,167.47999572753906,7150.10009765625,4496.18994140625,27724.80078125,4181.1201171875
2021-08-26,167.6699981689453,7125.0,4470.0,27742.2890625,4169.8701171875
2021-08-27,170.19000244140625,7148.0,4509.3701171875,27641.140625,4190.97998046875
2021-08-30,169.35000610351562,7148.0,4528.7900390625,27789.2890625,4198.7998046875
2021-08-31,169.69000244140625,7119.7001953125,4522.68017578125,28089.5390625,4196.41015625
2021-09-01,169.6999969482422,7149.7998046875,4524.08984375,28451.01953125,4227.27001953125
2021-09-02,169.25,7163.89990234375,4536.9501953125,28543.509765625,4232.10009765625
2021-09-03,171.05999755859375,7138.39990234375,4535.43017578125,29128.109375,4201.97998046875
2021-09-06,171.05999755859375,7187.2001953125,4535.43017578125,29659.890625,4246.1298828125
2021-09-07,167.7100067138672,7149.39990234375,4520.02978515625,29916.140625,4225.009765625
2021-09-08,167.2899932861328,7095.5,4514.06982421875,30181.2109375,4177.14990234375
2021-09-09,168.02999877929688,7024.2001953125,4493.27978515625,30008.189453125,4177.10986328125
2021-09-10,167.17999267578125,7029.2001953125,4458.580078125,30381.83984375,4170.35009765625
2021-09-13,167.74000549316406,7068.39990234375,4468.72998046875,30447.369140625,4189.52978515625
2021-09-14,168.82000732421875,7034.10009765625,4443.0498046875,30670.099609375,4191.669921875
2021-09-15,167.8300018310547,7016.5,4480.7001953125,30511.7109375,4145.93994140625
2021-09-16,164.02999877929688,7027.5,4473.75,30323.33984375,4169.8701171875
2021-09-17,163.77000427246094,6963.60009765625,4432.990234375,30500.05078125,4130.83984375
2021-09-20,164.94000244140625,6903.89990234375,4357.72998046875,30500.05078125,4043.6298828125
2021-09-21,166.0399932861328,6981.0,4354.18994140625,29839.7109375,4097.509765625
2021-09-22,165.4199981689453,7083.39990234375,4395.64013671875,29639.400390625,4150.18994140625
2021-09-23,163.50999450683594,7078.39990234375,4448.97998046875,29639.400390625,4194.919921875
2021-09-24,163.3000030517578,7051.5,4455.47998046875,30248.810546875,4158.509765625
2021-09-27,163.63999938964844,7063.39990234375,4443.10986328125,30240.060546875,4165.47998046875
2021-09-28,162.0500030517578,7028.10009765625,4352.6298828125,30183.9609375,4058.820068359375
2021-09-29,161.32000732421875,7108.2001953125,4359.4599609375,29544.2890625,4080.219970703125
2021-09-30,164.22000122070312,7086.39990234375,4307.5400390625,29452.66015625,4048.080078125
2021-10-01,164.58999633789062,7027.10009765625,4357.0400390625,28771.0703125,4035.300048828125
2021-10-04,165.36000061035156,7011.0,4300.4599609375,28444.890625,3996.409912109375
2021-10-05,164.58999633789062,7077.10009765625,4345.72021484375,27822.119140625,4065.429931640625
2021-10-06,165.02999877929688,6995.89990234375,4363.5498046875,27528.869140625,4012.64990234375
2021-10-07,164.16000366210938,7078.0,4399.759765625,27678.2109375,4098.33984375
2021-10-08,164.22999572753906,7095.60009765625,4391.33984375,28048.939453125,4073.2900390625
2021-10-11,163.9199981689453,7146.89990234375,4361.18994140625,28498.19921875,4072.52001953125
2021-10-12,164.66000366210938,7130.2001953125,4350.64990234375,28230.609375,4055.090087890625
2021-10-13,167.58999633789062,7141.7998046875,4363.7998046875,28140.279296875,4083.280029296875
2021-10-14,168.0,7207.7001953125,4438.259765625,28550.9296875,4149.06005859375
2021-10-15,165.3300018310547,7234.0,4471.3701171875,29068.630859375,4182.91015625
2021-10-18,164.9199981689453,7203.7998046875,4486.4599609375,29025.4609375,4151.39990234375
2021-10-19,165.4499969482422,7217.5,4519.6298828125,29215.51953125,4166.830078125
2021-10-20,166.89999389648438,7223.10009765625,4536.18994140625,29255.55078125,4172.169921875
2021-10-21,166.75,7190.2998046875,4549.77978515625,28708.580078125,4155.72998046875
2021-10-22,167.77000427246094,7204.60009765625,4544.89990234375,28804.849609375,4188.81005859375
2021-10-25,168.92999267578125,7222.7998046875,4566.47998046875,28600.41015625,4188.31005859375
2021-10-26,167.67999267578125,7277.60009765625,4574.7900390625,29106.009765625,4223.97021484375
2021-10-27,168.1199951171875,7253.2998046875,4551.68017578125,29098.240234375,4220.8798828125
2021-10-28,168.0800018310547,7249.5,4596.419921875,28820.08984375,4233.8701171875
2021-10-29,166.64999389648438,7237.60009765625,4605.3798828125,28892.689453125,4250.56005859375
2021-11-01,167.52000427246094,7288.60009765625,4613.669921875,29647.080078125,4280.47021484375
2021-11-02,167.16000366210938,7274.7998046875,4630.64990234375,29520.900390625,4296.22021484375
2021-11-03,165.77000427246094,7248.89990234375,4660.56982421875,29520.900390625,4309.60986328125
2021-11-04,167.64999389648438,7279.89990234375,4680.06005859375,29794.369140625,4333.33984375
2021-11-05,169.83999633789062,7304.0,4697.52978515625,29611.5703125,4363.0400390625
2021-11-08,170.4499969482422,7300.39990234375,4701.7001953125,29507.05078125,4352.52978515625
2021-11-09,171.2899932861328,7274.0,4685.25,29285.4609375,4344.6298828125
2021-11-10,173.14999389648438,7340.2001953125,4646.7099609375,29106.779296875,4348.81982421875
2021-11-11,174.1199951171875,7384.2001953125,4649.27001953125,29277.859375,4358.0
2021-11-12,174.4499969482422,7347.89990234375,4682.85009765625,29609.970703125,4370.330078125
2021-11-15,174.17999267578125,7351.89990234375,4682.7998046875,29776.80078125,4386.18994140625
2021-11-16,172.9199981689453,7327.0,4700.89990234375,29808.119140625,4401.490234375
2021-11-17,174.5,7291.2001953125,4688.669921875,29688.330078125,4400.81005859375
2021-11-18,173.94000244140625,7256.0,4704.5400390625,29598.66015625,4383.7001953125
2021-11-19,172.61000061035156,7223.60009765625,4697.9599609375,29745.869140625,4356.47021484375
2021-11-22,168.74000549316406,7255.5,4682.93994140625,29774.109375,4338.68994140625
2021-11-23,167.27999877929688,7266.7001953125,4690.7001953125,29774.109375,4283.81982421875
2021-11-24,167.1199951171875,7286.2998046875,4701.4599609375,29302.66015625,4276.25
2021-11-25,167.1199951171875,7310.39990234375,4701.4599609375,29499.279296875,4293.240234375
2021-11-26,166.85000610351562,7044.0,4594.6201171875,28751.619140625,4089.580078125
2021-11-29,166.6199951171875,7110.0,4655.27001953125,28283.919921875,4109.509765625
2021-11-30,165.5,7059.5,4567.0,27821.759765625,4063.06005859375
2021-12-01,166.16000366210938,7168.7001953125,4513.0400390625,27935.619140625,4179.14990234375
2021-12-02,165.24000549316406,7129.2001953125,4577.10009765625,27753.369140625,4108.02001953125
2021-12-03,166.6300048828125,7122.2998046875,4538.43017578125,28029.5703125,4080.14990234375
2021-12-06,166.22000122070312,7232.2998046875,4591.669921875,27927.369140625,4137.10986328125
2021-12-07,166.80999755859375,7339.89990234375,4686.75,28455.599609375,4276.2001953125
2021-12-08,166.89999389648438,7337.39990234375,4701.2099609375,28860.619140625,4233.08984375
2021-12-09,165.8800048828125,7321.2998046875,4667.4501953125,28725.470703125,4208.2998046875
2021-12-10,166.5800018310547,7291.7998046875,4712.02001953125,28437.76953125,4199.16015625
2021-12-13,167.0,7231.39990234375,4668.97021484375,28640.490234375,4183.0400390625
2021-12-14,165.44000244140625,7218.60009765625,4634.08984375,28432.640625,4144.509765625
2021-12-15,166.14999389648438,7170.7998046875,4709.85009765625,28459.720703125,4159.68017578125
2021-12-16,168.16000366210938,7260.60009765625,4668.669921875,29066.3203125,4201.8701171875
2021-12-17,167.8000030517578,7269.89990234375,4620.64013671875,28545.6796875,4161.35009765625
2021-12-20,167.08999633789062,7198.0,4568.02001953125,27937.810546875,4107.1298828125
2021-12-21,167.02000427246094,7297.39990234375,4649.22998046875,28517.58984375,4174.990234375
2021-12-22,168.58999633789062,7341.7001953125,4696.56005859375,28562.2109375,4217.06005859375
2021-12-23,168.97000122070312,7373.2998046875,4725.7900390625,28798.369140625,4265.85986328125
2021-12-24,168.97000122070312,7372.10009765625,4725.7900390625,28782.58984375,4265.85986328125
2021-12-27,169.3699951171875,7372.10009765625,4791.18994140625,28676.4609375,4287.97998046875
2021-12-28,168.63999938964844,7372.10009765625,4786.35009765625,29069.16015625,4311.93017578125
2021-12-29,168.58999633789062,7420.7001953125,4793.06005859375,28906.880859375,4284.830078125
2021-12-30,169.8000030517578,7403.0,4778.72998046875,28791.7109375,4306.06982421875
2021-12-31,170.9600067138672,7384.5,4766.18017578125,28791.7109375,4306.06982421875
2022-01-03,168.3300018310547,7384.5,4796.56005859375,28791.7109375,4331.81982421875
2022-01-04,169.57000732421875,7505.2001953125,4793.5400390625,29301.7890625,4367.6201171875
2022-01-05,169.05999755859375,7516.89990234375,4700.580078125,29332.16015625,4392.14990234375
2022-01-06,166.99000549316406,7450.39990234375,4696.0498046875,28487.869140625,4324.81005859375
2022-01-07,167.75,7485.2998046875,4677.02978515625,28478.560546875,4305.830078125
2022-01-10,168.25999450683594,7445.2998046875,4670.2900390625,28478.560546875,4239.52001953125
2022-01-11,170.2899932861328,7491.39990234375,4713.06982421875,28222.48046875,4281.5400390625
2022-01-12,170.74000549316406,7551.7001953125,4726.35009765625,28765.66015625,4316.39013671875
2022-01-13,170.16000366210938,7563.89990234375,4659.02978515625,28489.130859375,4315.89990234375
2022-01-14,169.6699981689453,7543.0,4662.85009765625,28124.279296875,4272.18994140625
2022-01-17,169.6699981689453,7611.2001953125,4662.85009765625,28333.51953125,4302.14013671875
2022-01-18,169.38999938964844,7563.60009765625,4577.10986328125,28257.25,4257.81982421875
2022-01-19,172.0800018310547,7589.7001953125,4532.759765625,27467.23046875,4268.27978515625
2022-01-20,171.64999389648438,7585.0,4482.72998046875,27772.9296875,4299.60986328125
2022-01-21,171.08999633789062,7494.10009765625,4397.93994140625,27522.259765625,4229.56005859375
2022-01-24,172.02999877929688,7297.2001953125,4410.1298828125,27588.369140625,4054.360107421875
2022-01-25,172.5800018310547,7371.5,4356.4501953125,27131.33984375,4078.260009765625
2022-01-26,169.7899932861328,7469.7998046875,4349.93017578125,27011.330078125,4164.60009765625
2022-01-27,167.60000610351562,7554.2998046875,4326.509765625,26170.30078125,4184.97021484375
2022-01-28,167.10000610351562,7466.10009765625,4431.85009765625,26717.33984375,4136.91015625
2022-01-31,168.08999633789062,7464.39990234375,4515.5498046875,27001.98046875,4174.60009765625
2022-02-01,168.22999572753906,7535.7998046875,4546.5400390625,27078.48046875,4224.4501953125
2022-02-02,168.83999633789062,7583.0,4589.3798828125,27533.599609375,4222.0498046875
2022-02-03,168.60000610351562,7528.7998046875,4477.43994140625,27241.310546875,4141.02001953125
2022-02-04,168.86000061035156,7516.39990234375,4500.52978515625,27439.990234375,4086.580078125
2022-02-07,170.11000061035156,7573.5,4483.8701171875,27248.869140625,4120.56005859375
2022-02-08,170.6300048828125,7567.10009765625,4521.5400390625,27284.51953125,4129.25
2022-02-09,171.2100067138672,7643.39990234375,4587.18017578125,27579.869140625,4204.08984375
2022-02-10,170.55999755859375,7672.39990234375,4504.080078125,27696.080078125,4197.06982421875
2022-02-11,173.80999755859375,7661.0,4418.64013671875,27696.080078125,4155.22998046875
2022-02-14,174.74000549316406,7531.60009765625,4401.669921875,27079.58984375,4064.449951171875
2022-02-15,173.0800018310547,7608.89990234375,4471.06982421875,26865.189453125,4143.7099609375
2022-02-16,174.86000061035156,7603.7998046875,4475.009765625,27460.400390625,4137.22021484375
2022-02-17,177.25,7537.39990234375,4380.259765625,27232.869140625,4113.18994140625
2022-02-18,177.1199951171875,7513.60009765625,4348.8701171875,27122.0703125,4074.280029296875
2022-02-21,177.1199951171875,7484.2998046875,4348.8701171875,26910.869140625,3985.7099609375
2022-02-22,177.49000549316406,7494.2001953125,4304.759765625,26449.609375,3985.469970703125
2022-02-23,178.2899932861328,7498.2001953125,4225.5,26449.609375,3973.409912109375
2022-02-24,177.13999938964844,7207.0,4288.7001953125,25970.8203125,3829.2900390625
2022-02-25,176.5500030517578,7489.5,4384.64990234375,26476.5,3970.68994140625
2022-02-28,178.3800048828125,7458.2998046875,4373.93994140625,26526.8203125,3924.22998046875
2022-03-01,181.6199951171875,7330.2001953125,4306.259765625,26844.720703125,3765.85009765625
2022-03-02,179.72999572753906,7429.60009765625,4386.5400390625,26393.029296875,3820.590087890625
2022-03-03,180.8000030517578,7238.89990234375,4363.490234375,26577.26953125,3741.780029296875
2022-03-04,183.67999267578125,6987.10009765625,4328.8701171875,25985.470703125,3556.010009765625
2022-03-07,186.41000366210938,6959.5,4201.08984375,25221.41015625,3512.219970703125
2022-03-08,191.50999450683594,6964.10009765625,4170.7001953125,24790.94921875,3505.2900390625
2022-03-09,185.82000732421875,7190.7001953125,4277.8798828125,24717.529296875,3766.02001953125
2022-03-10,186.39999389648438,7099.10009765625,4259.52001953125,25690.400390625,3651.389892578125
2022-03-11,185.08999633789062,7155.60009765625,4204.31005859375,25162.779296875,3686.780029296875
2022-03-14,182.3000030517578,7193.5,4173.10986328125,25307.849609375,3741.10009765625
2022-03-15,178.88999938964844,7175.7001953125,4262.4501953125,25346.48046875,3738.110107421875
2022-03-16,180.00999450683594,7291.7001953125,4357.85986328125,25762.009765625,3889.68994140625
2022-03-17,180.88999938964844,7385.2998046875,4411.669921875,26652.890625,3885.320068359375
2022-03-18,179.3000030517578,7404.7001953125,4463.1201171875,26827.4296875,3902.43994140625
2022-03-21,180.6699981689453,7442.39990234375,4461.18017578125,26827.4296875,3881.800048828125
2022-03-22,179.36000061035156,7476.7001953125,4511.60986328125,27224.109375,3926.1201171875
2022-03-23,181.80999755859375,7460.60009765625,4456.240234375,28040.16015625,3869.219970703125
2022-03-24,183.1300048828125,7467.39990234375,4520.16015625,28110.390625,3863.389892578125
2022-03-25,182.3800048828125,7483.39990234375,4543.06005859375,28149.83984375,3867.72998046875
2022-03-28,179.05999755859375,7473.10009765625,4575.52001953125,27943.890625,3887.10009765625
2022-03-29,179.13999938964844,7537.2998046875,4631.60009765625,28252.419921875,4002.179931640625
2022-03-30,180.5800018310547,7578.7998046875,4602.4501953125,28027.25,3959.139892578125
2022-03-31,180.64999389648438,7515.7001953125,4530.41015625,27821.4296875,3902.52001953125
2022-04-01,179.5,7537.89990234375,4545.85986328125,27665.98046875,3918.679931640625
2022-04-04,180.3699951171875,7558.89990234375,4582.64013671875,27736.470703125,3951.1201171875
2022-04-05,179.24000549316406,7613.7001953125,4525.1201171875,27787.98046875,3917.85009765625
2022-04-06,179.66000366210938,7587.7001953125,4481.14990234375,27350.30078125,3824.68994140625
2022-04-07,180.33999633789062,7551.7998046875,4500.2099609375,26888.5703125,3802.010009765625
2022-04-08,181.47000122070312,7669.60009765625,4488.27978515625,26985.80078125,3858.3701171875
2022-04-11,182.3699951171875,7618.2998046875,4412.52978515625,26821.51953125,3839.6201171875
2022-04-12,183.77000427246094,7576.7001953125,4397.4501953125,26334.98046875,3831.469970703125
2022-04-13,184.64999389648438,7580.7998046875,4446.58984375,26843.490234375,3827.9599609375
2022-04-14,184.0399932861328,7616.39990234375,4392.58984375,27172.0,3848.679931640625
2022-04-15,184.0399932861328,7616.39990234375,4392.58984375,27093.189453125,3848.679931640625
2022-04-18,184.61000061035156,7616.39990234375,4391.68994140625,26799.7109375,3848.679931640625
2022-04-19,181.82000732421875,7601.2998046875,4462.2099609375,26985.08984375,3830.760009765625
2022-04-20,182.7100067138672,7629.2001953125,4459.4501953125,27217.849609375,3896.81005859375
2022-04-21,182.05999755859375,7628.0,4393.66015625,27553.060546875,3928.030029296875
2022-04-22,180.2899932861328,7521.7001953125,4271.77978515625,27105.259765625,3840.010009765625
2022-04-25,177.0500030517578,7380.5,4296.1201171875,26590.779296875,3757.590087890625
2022-04-26,177.32000732421875,7386.2001953125,4175.2001953125,26700.109375,3721.360107421875
2022-04-27,175.97999572753906,7425.60009765625,4183.9599609375,26386.630859375,3734.639892578125
2022-04-28,176.92999267578125,7509.2001953125,4287.5,26847.900390625,3777.02001953125
2022-04-29,176.91000366210938,7544.60009765625,4131.93017578125,26847.900390625,3802.860107421875
2022-05-02,173.6300048828125,7544.60009765625,4155.3798828125,26818.529296875,3732.43994140625
2022-05-03,174.08999633789062,7561.2998046875,4175.47998046875,26818.529296875,3761.18994140625
2022-05-04,175.8000030517578,7493.5,4300.169921875,26818.529296875,3724.989990234375
2022-05-05,175.1300048828125,7503.2998046875,4146.8701171875,26818.529296875,3696.6298828125
2022-05-06,175.4199981689453,7387.89990234375,4123.33984375,27003.560546875,3629.169921875
2022-05-09,172.8800048828125,7216.60009765625,3991.239990234375,26319.33984375,3526.860107421875
2022-05-10,171.4199981689453,7243.2001953125,4001.050048828125,26167.099609375,3554.800048828125
2022-05-11,172.82000732421875,7347.7001953125,3935.179931640625,26213.640625,3647.8701171875
2022-05-12,170.1699981689453,7233.2998046875,3930.080078125,25748.720703125,3613.429931640625
2022-05-13,168.7899932861328,7418.2001953125,4023.889892578125,26427.650390625,3703.419921875
2022-05-16,170.39999389648438,7464.7998046875,4008.010009765625,26547.05078125,3685.340087890625
2022-05-17,169.3300018310547,7518.39990234375,4088.85009765625,26659.75,3741.510009765625
2022-05-18,169.4199981689453,7438.10009765625,3923.679931640625,26911.19921875,3690.739990234375
2022-05-19,171.91000366210938,7302.7001953125,3900.7900390625,26402.83984375,3633.330078125
2022-05-20,172.02999877929688,7390.0,3901.360107421875,26739.029296875,3657.030029296875
2022-05-23,172.8300018310547,7513.39990234375,3973.75,27001.51953125,3708.389892578125
2022-05-24,174.1300048828125,7484.39990234375,3941.47998046875,26748.140625,3647.56005859375
2022-05-25,173.0800018310547,7522.7998046875,3978.72998046875,26677.80078125,3677.10009765625
2022-05-26,172.75999450683594,7564.89990234375,4057.840087890625,26604.83984375,3677.10009765625
2022-05-27,172.85000610351562,7585.5,4158.240234375,26781.6796875,3808.860107421875
2022-05-30,172.85000610351562,7600.10009765625,4158.240234375,27369.4296875,3841.6201171875
2022-05-31,171.13999938964844,7607.7001953125,4132.14990234375,27279.80078125,3789.2099609375
2022-06-01,172.22999572753906,7533.0,4101.22998046875,27457.890625,3759.5400390625
2022-06-02,174.35000610351562,7533.0,4176.81982421875,27413.880859375,3795.1298828125
2022-06-03,172.5800018310547,7533.0,4108.5400390625,27761.5703125,3783.659912109375
2022-06-06,171.82000732421875,7608.2001953125,4121.43017578125,27915.890625,3783.659912109375
2022-06-07,172.94000244140625,7598.89990234375,4160.68017578125,27943.94921875,3806.739990234375
2022-06-08,172.77999877929688,7593.0,4115.77001953125,28234.2890625,3788.929931640625
2022-06-09,172.22999572753906,7476.2001953125,4017.820068359375,28246.529296875,3724.449951171875
2022-06-10,174.5399932861328,7317.5,3900.860107421875,27824.2890625,3599.199951171875
2022-06-13,169.92999267578125,7205.7998046875,3749.6298828125,26987.439453125,3502.5
2022-06-14,168.57000732421875,7187.5,3735.47998046875,26629.859375,3475.179931640625
2022-06-15,170.77000427246094,7273.39990234375,3789.989990234375,26326.16015625,3532.320068359375
2022-06-16,172.69000244140625,7045.0,3666.77001953125,26431.19921875,3427.909912109375
2022-06-17,171.27000427246094,7016.2998046875,3674.840087890625,25963.0,3438.4599609375
2022-06-20,171.27000427246094,7121.7998046875,3674.840087890625,25771.220703125,3469.830078125
2022-06-21,170.6300048828125,7152.10009765625,3764.7900390625,26246.310546875,3494.0
2022-06-22,171.30999755859375,7089.2001953125,3759.889892578125,26149.55078125,3464.639892578125
2022-06-23,170.25999450683594,7020.5,3795.72998046875,26171.25,3436.2900390625
2022-06-24,170.08999633789062,7208.7998046875,3911.739990234375,26491.970703125,3533.169921875
2022-06-27,169.89999389648438,7258.2998046875,3900.110107421875,26871.26953125,3538.8798828125
2022-06-28,169.6199951171875,7323.39990234375,3821.550048828125,27049.470703125,3549.2900390625
2022-06-29,169.49000549316406,7312.2998046875,3818.830078125,26804.599609375,3514.320068359375
2022-06-30,168.4600067138672,7169.2998046875,3785.3798828125,26393.0390625,3454.860107421875
2022-07-01,168.32000732421875,7168.7001953125,3825.330078125,25935.619140625,3448.31005859375
2022-07-04,168.32000732421875,7232.7001953125,3825.330078125,26153.810546875,3452.419921875
2022-07-05,164.75,7025.5,3831.389892578125,26423.470703125,3359.830078125
2022-07-06,162.13999938964844,7107.7998046875,3845.080078125,26107.650390625,3421.840087890625
2022-07-07,162.22999572753906,7189.10009765625,3902.6201171875,26490.529296875,3488.5
2022-07-08,162.3000030517578,7196.2001953125,3899.3798828125,26517.189453125,3506.550048828125
2022-07-11,161.42999267578125,7196.60009765625,3854.429931640625,26812.30078125,3471.68994140625
2022-07-12,160.8300018310547,7209.89990234375,3818.800048828125,26336.66015625,3487.050048828125
2022-07-13,161.60000610351562,7156.39990234375,3801.780029296875,26478.76953125,3453.969970703125
2022-07-14,159.3300018310547,7039.7998046875,3790.3798828125,26643.390625,3396.610107421875
2022-07-15,159.00999450683594,7159.0,3863.159912109375,26788.470703125,3477.199951171875
2022-07-18,159.16000366210938,7223.2001953125,3830.85009765625,26788.470703125,3511.860107421875
2022-07-19,159.5399932861328,7296.2998046875,3936.68994140625,26961.6796875,3587.43994140625
2022-07-20,158.0399932861328,7264.2998046875,3959.89990234375,27680.259765625,3585.239990234375
2022-07-21,160.27000427246094,7270.5,3998.949951171875,27803.0,3596.510009765625
2022-07-22,160.6699981689453,7276.39990234375,3961.6298828125,27914.66015625,3596.489990234375
2022-07-25,160.22999572753906,7306.2998046875,3966.840087890625,27699.25,3604.159912109375
2022-07-26,160.0399932861328,7306.2998046875,3921.050048828125,27655.2109375,3575.360107421875
2022-07-27,161.6699981689453,7348.2001953125,4023.610107421875,27715.75,3607.780029296875
2022-07-28,163.63999938964844,7345.2998046875,4072.429931640625,27815.48046875,3652.199951171875
2022-07-29,164.10000610351562,7423.39990234375,4130.2900390625,27801.640625,3708.10009765625
2022-08-01,165.02999877929688,7413.39990234375,4118.6298828125,27993.349609375,3708.10009765625
2022-08-02,164.0500030517578,7409.10009765625,4091.18994140625,27594.73046875,3684.6298828125
2022-08-03,164.4499969482422,7445.7001953125,4155.169921875,27741.900390625,3732.5400390625
2022-08-04,167.1699981689453,7448.10009765625,4151.93994140625,27932.19921875,3754.60009765625
2022-08-05,165.2899932861328,7439.7001953125,4145.18994140625,28175.869140625,3725.389892578125
2022-08-08,166.69000244140625,7482.39990234375,4140.06005859375,28249.240234375,3757.219970703125
2022-08-09,167.1999969482422,7488.2001953125,4122.47021484375,27999.9609375,3715.3701171875
2022-08-10,166.77999877929688,7507.10009765625,4210.240234375,27819.330078125,3749.35009765625
2022-08-11,166.33999633789062,7465.89990234375,4207.27001953125,27819.330078125,3757.050048828125
2022-08-12,167.8699951171875,7500.89990234375,4280.14990234375,28546.98046875,3776.81005859375
2022-08-15,165.7100067138672,7509.2001953125,4297.14013671875,28871.779296875,3789.6201171875
2022-08-16,165.4199981689453,7536.10009765625,4305.2001953125,28868.91015625,3805.219970703125
2022-08-17,164.35000610351562,7515.7998046875,4274.0400390625,29222.76953125,3756.06005859375
2022-08-18,163.9199981689453,7541.89990234375,4283.740234375,28942.140625,3777.3798828125
2022-08-19,162.72000122070312,7550.39990234375,4228.47998046875,28930.330078125,3730.320068359375
2022-08-22,161.63999938964844,7533.7998046875,4137.990234375,28794.5,3658.219970703125
2022-08-23,162.77000427246094,7488.10009765625,4128.72998046875,28452.75,3652.52001953125
2022-08-24,163.25,7471.5,4140.77001953125,28313.470703125,3667.4599609375
2022-08-25,163.75,7479.7001953125,4199.1201171875,28479.009765625,3674.5400390625
2022-08-26,161.75999450683594,7427.2998046875,4057.659912109375,28641.380859375,3603.679931640625
2022-08-29,161.86000061035156,7427.2998046875,4030.610107421875,27878.9609375,3570.510009765625
2022-08-30,160.50999450683594,7361.60009765625,3986.159912109375,28195.580078125,3561.919921875
2022-08-31,159.27000427246094,7284.2001953125,3955.0,28091.529296875,3517.25
2022-09-01,157.8699951171875,7148.5,3966.85009765625,27661.470703125,3456.699951171875
2022-09-02,159.25999450683594,7281.2001953125,3924.260009765625,27650.83984375,3544.3798828125
2022-09-05,159.25999450683594,7287.39990234375,3924.260009765625,27619.609375,3490.010009765625
2022-09-06,158.3300018310547,7300.39990234375,3908.18994140625,27626.509765625,3500.139892578125
2022-09-07,159.94000244140625,7237.7998046875,3979.8701171875,27430.30078125,3502.090087890625
2022-09-08,158.97999572753906,7262.10009765625,4006.179931640625,28065.279296875,3512.3798828125
2022-09-09,159.82000732421875,7351.10009765625,4067.360107421875,28214.75,3570.0400390625
2022-09-12,160.6300048828125,7473.0,4110.41015625,28542.109375,3646.510009765625
2022-09-13,158.5399932861328,7385.89990234375,3932.68994140625,28614.630859375,3586.179931640625
2022-09-14,157.92999267578125,7277.2998046875,3946.010009765625,27818.619140625,3567.56005859375
2022-09-15,154.97999572753906,7282.10009765625,3901.35009765625,27875.91015625,3541.7900390625
2022-09-16,155.83999633789062,7236.7001953125,3873.330078125,27567.650390625,3500.409912109375
2022-09-19,155.9600067138672,7236.7001953125,3899.889892578125,27567.650390625,3499.489990234375
2022-09-20,155.07000732421875,7192.7001953125,3855.929931640625,27688.419921875,3467.090087890625
2022-09-21,155.7899932861328,7237.60009765625,3789.929931640625,27313.130859375,3491.8701171875
2022-09-22,155.6999969482422,7159.5,3757.989990234375,27153.830078125,3427.139892578125
2022-09-23,153.00999450683594,7018.60009765625,3693.22998046875,27153.830078125,3348.60009765625
2022-09-26,151.22999572753906,7021.0,3655.0400390625,26431.55078125,3342.56005859375
2022-09-27,151.5399932861328,6984.60009765625,3647.2900390625,26571.869140625,3328.64990234375
2022-09-28,154.69000244140625,7005.39990234375,3719.0400390625,26173.98046875,3335.300048828125
2022-09-29,154.66000366210938,6881.60009765625,3640.469970703125,26422.05078125,3279.0400390625
2022-09-30,154.6699981689453,6893.7998046875,3585.6201171875,25937.2109375,3318.199951171875
2022-10-03,158.42999267578125,6908.7998046875,3678.429931640625,26215.7890625,3342.169921875
2022-10-04,160.6999969482422,7086.5,3790.929931640625,26992.2109375,3484.47998046875
2022-10-05,159.80999755859375,7052.60009765625,3783.280029296875,27120.529296875,3447.719970703125
2022-10-06,159.6300048828125,6997.2998046875,3744.52001953125,27311.30078125,3433.449951171875
2022-10-07,157.8800048828125,6991.10009765625,3639.659912109375,27116.109375,3375.4599609375
2022-10-10,155.47999572753906,6959.2998046875,3612.389892578125,27116.109375,3356.8798828125
2022-10-11,155.16000366210938,6885.2001953125,3588.840087890625,26401.25,3340.35009765625
2022-10-12,155.99000549316406,6826.2001953125,3577.030029296875,26396.830078125,3331.530029296875
2022-10-13,154.91000366210938,6850.2998046875,3669.909912109375,26237.419921875,3362.39990234375
2022-10-14,152.97999572753906,6858.7998046875,3583.070068359375,27090.759765625,3381.72998046875
2022-10-17,153.4199981689453,6920.2001953125,3677.949951171875,26775.7890625,3441.639892578125
2022-10-18,153.75,6936.7001953125,3719.97998046875,27156.140625,3463.830078125
2022-10-19,151.69000244140625,6925.0,3695.159912109375,27257.380859375,3471.239990234375
2022-10-20,151.4499969482422,6943.89990234375,3665.780029296875,27006.9609375,3492.85009765625
2022-10-21,154.14999389648438,6969.7001953125,3752.75,26890.580078125,3476.6298828125
2022-10-24,153.64999389648438,7014.0,3797.340087890625,26974.900390625,3527.7900390625
2022-10-25,154.0,7013.5,3859.110107421875,27250.279296875,3585.580078125
2022-10-26,154.97999572753906,7056.10009765625,3830.60009765625,27431.83984375,3605.31005859375
2022-10-27,154.74000549316406,7073.7001953125,3807.300048828125,27345.240234375,3604.510009765625
2022-10-28,153.16000366210938,7047.7001953125,3901.06005859375,27105.19921875,3613.02001953125
2022-10-31,151.91000366210938,7094.5,3871.97998046875,27587.4609375,3617.5400390625
2022-11-01,153.4600067138672,7186.2001953125,3856.10009765625,27678.919921875,3651.02001953125
2022-11-02,152.38999938964844,7144.10009765625,3759.68994140625,27663.390625,3622.010009765625
2022-11-03,151.80999755859375,7188.60009765625,3719.889892578125,27663.390625,3593.179931640625
2022-11-04,156.47000122070312,7334.7998046875,3770.550048828125,27199.740234375,3688.330078125
2022-11-07,155.85000610351562,7300.0,3806.800048828125,27527.640625,3708.800048828125
2022-11-08,159.4499969482422,7306.10009765625,3828.110107421875,27872.109375,3739.280029296875
2022-11-09,158.64999389648438,7296.2998046875,3748.570068359375,27716.4296875,3728.030029296875
2022-11-10,163.47999572753906,7375.2998046875,3956.3701171875,27446.099609375,3846.56005859375
2022-11-11,164.55999755859375,7318.0,3992.929931640625,28263.5703125,3868.5
2022-11-14,164.9199981689453,7385.2001953125,3957.25,27963.470703125,3887.510009765625
2022-11-15,165.5,7369.39990234375,3991.72998046875,27990.169921875,3915.090087890625
2022-11-16,165.1199951171875,7351.2001953125,3958.7900390625,28028.30078125,3882.780029296875
2022-11-17,163.9199981689453,7346.5,3946.56005859375,27930.5703125,3878.419921875
2022-11-18,162.7899932861328,7385.5,3965.340087890625,27899.76953125,3924.840087890625
2022-11-21,161.8800048828125,7376.89990234375,3949.93994140625,27944.7890625,3909.280029296875
2022-11-22,162.07000732421875,7452.7998046875,4003.580078125,28115.740234375,3929.89990234375
2022-11-23,163.0800018310547,7465.2001953125,4027.260009765625,28115.740234375,3946.43994140625
2022-11-24,163.0800018310547,7466.60009765625,4027.260009765625,28383.08984375,3961.989990234375
2022-11-25,163.22000122070312,7486.7001953125,4026.1201171875,28283.029296875,3962.409912109375
2022-11-28,161.92999267578125,7474.0,3963.93994140625,28162.830078125,3935.510009765625
2022-11-29,162.72999572753906,7512.0,3957.6298828125,28027.83984375,3934.43994140625
2022-11-30,164.80999755859375,7573.10009765625,4080.110107421875,27968.990234375,3964.719970703125
2022-12-01,167.83999633789062,7558.5,4076.570068359375,28226.080078125,3984.5
2022-12-02,167.25999450683594,7556.2001953125,4071.699951171875,27777.900390625,3977.89990234375
2022-12-05,164.38999938964844,7567.5,3998.840087890625,27820.400390625,3956.530029296875
2022-12-06,164.83999633789062,7521.39990234375,3941.260009765625,27885.869140625,3939.18994140625
2022-12-07,166.3300018310547,7489.2001953125,3933.919921875,27686.400390625,3920.89990234375
2022-12-08,166.47000122070312,7472.2001953125,3963.510009765625,27574.4296875,3921.27001953125
2022-12-09,167.05999755859375,7476.60009765625,3934.3798828125,27901.009765625,3942.6201171875
2022-12-12,165.67999267578125,7446.0,3990.56005859375,27842.330078125,3921.820068359375
2022-12-13,168.50999450683594,7502.89990234375,4019.64990234375,27954.849609375,3986.830078125
2022-12-14,168.10000610351562,7495.89990234375,3995.320068359375,28156.2109375,3975.260009765625
2022-12-15,165.35000610351562,7426.2001953125,3895.75,28051.69921875,3835.699951171875
2022-12-16,166.7899932861328,7332.10009765625,3852.360107421875,27527.119140625,3804.02001953125
2022-12-19,166.32000732421875,7361.2998046875,3817.659912109375,27237.640625,3811.239990234375
2022-12-20,169.0800018310547,7370.60009765625,3821.6201171875,26568.029296875,3802.489990234375
2022-12-21,168.8000030517578,7497.2998046875,3878.43994140625,26387.720703125,3872.14990234375
2022-12-22,166.75999450683594,7469.2998046875,3822.389892578125,26507.869140625,3823.2900390625
2022-12-23,167.25999450683594,7473.0,3844.820068359375,26235.25,3817.010009765625
2022-12-26,167.25999450683594,7473.0,3844.820068359375,26405.869140625,3817.010009765625
2022-12-27,168.6699981689453,7473.0,3829.25,26447.869140625,3832.889892578125
2022-12-28,167.91000366210938,7497.2001953125,3783.219970703125,26340.5,3808.820068359375
2022-12-29,168.85000610351562,7512.7001953125,3849.280029296875,26093.669921875,3850.070068359375
2022-12-30,169.63999938964844,7451.7001953125,3839.5,26094.5,3793.6201171875
2023-01-03,171.05999755859375,7554.10009765625,3824.139892578125,26094.5,3882.2900390625
2023-01-04,172.6699981689453,7585.2001953125,3852.969970703125,25716.859375,3973.969970703125
2023-01-05,170.52000427246094,7633.5,3808.10009765625,25820.80078125,3959.47998046875
2023-01-06,173.7100067138672,7699.5,3895.080078125,25973.849609375,4017.830078125
2023-01-09,174.10000610351562,7724.89990234375,3892.090087890625,25973.849609375,4068.6201171875
2023-01-10,174.74000549316406,7694.5,3919.25,26175.560546875,4057.4599609375
2023-01-11,174.6199951171875,7725.0,3969.610107421875,26446.0,4099.759765625
2023-01-12,176.63999938964844,7794.0,3983.169921875,26449.8203125,4126.68017578125
2023-01-13,178.75999450683594,7844.10009765625,3999.090087890625,26119.51953125,4150.7998046875
2023-01-16,178.75999450683594,7860.10009765625,3999.090087890625,25822.3203125,4157.0
2023-01-17,177.58999633789062,7851.0,3990.969970703125,26138.6796875,4174.330078125
2023-01-18,177.0800018310547,7830.7001953125,3928.860107421875,26791.119140625,4174.33984375
2023-01-19,179.88999938964844,7747.2998046875,3898.85009765625,26405.23046875,4094.280029296875
2023-01-20,179.2899932861328,7770.60009765625,3972.610107421875,26553.529296875,4119.89990234375
2023-01-23,179.6300048828125,7784.7001953125,4019.81005859375,26906.0390625,4150.81982421875
2023-01-24,180.27999877929688,7757.39990234375,4016.949951171875,27299.189453125,4153.02001953125
2023-01-25,181.11000061035156,7744.89990234375,4016.219970703125,27395.009765625,4148.10986328125
2023-01-26,179.47000122070312,7761.10009765625,4060.429931640625,27362.75,4173.97998046875
2023-01-27,179.22000122070312,7765.2001953125,4070.56005859375,27382.560546875,4178.009765625
2023-01-30,178.75999450683594,7784.89990234375,4017.77001953125,27433.400390625,4158.6298828125
2023-01-31,179.41000366210938,7771.7001953125,4076.60009765625,27327.109375,4163.4501953125
2023-02-01,181.6699981689453,7761.10009765625,4119.2099609375,27346.880859375,4171.43994140625
2023-02-02,177.89999389648438,7820.2001953125,4179.759765625,27402.05078125,4241.1201171875
2023-02-03,173.4600067138672,7901.7998046875,4136.47998046875,27509.4609375,4257.97998046875
2023-02-06,173.82000732421875,7836.7001953125,4111.080078125,27693.650390625,4205.4501953125
2023-02-07,173.97999572753906,7864.7001953125,4164.0,27685.470703125,4209.31005859375
2023-02-08,174.41000366210938,7885.2001953125,4117.85986328125,27606.4609375,4209.14990234375
2023-02-09,173.02999877929688,7911.2001953125,4081.5,27584.349609375,4250.14013671875
2023-02-10,173.36000061035156,7882.5,4090.4599609375,27670.98046875,4197.93994140625
2023-02-13,172.47999572753906,7947.60009765625,4137.2900390625,27427.3203125,4241.35986328125
2023-02-14,172.61000061035156,7953.89990234375,4136.1298828125,27602.76953125,4238.759765625
2023-02-15,170.88999938964844,7997.7998046875,4147.60009765625,27501.859375,4280.0400390625
2023-02-16,170.75,8012.5,4090.409912109375,27696.439453125,4297.240234375
2023-02-17,171.25999450683594,8004.39990234375,4079.090087890625,27513.130859375,4274.919921875
2023-02-20,171.25999450683594,8014.2998046875,4079.090087890625,27531.939453125,4271.18017578125
2023-02-21,170.6199951171875,7977.7998046875,3997.340087890625,27473.099609375,4250.39990234375
2023-02-22,169.66000366210938,7930.60009765625,3991.050048828125,27104.3203125,4242.8798828125
2023-02-23,169.57000732421875,7907.7001953125,4012.320068359375,27104.3203125,4258.16015625
2023-02-24,168.35000610351562,7878.7001953125,3970.0400390625,27453.48046875,4178.81982421875
2023-02-27,169.00999450683594,7935.10009765625,3982.239990234375,27423.9609375,4248.009765625
2023-02-28,169.77999877929688,7876.2998046875,3970.14990234375,27445.560546875,4238.3798828125
2023-03-01,170.75999450683594,7914.89990234375,3951.389892578125,27516.529296875,4215.75
2023-03-02,170.66000366210938,7944.0,3981.35009765625,27498.869140625,4240.58984375
2023-03-03,172.49000549316406,7947.10009765625,4045.639892578125,27927.470703125,4294.7998046875
2023-03-06,171.6199951171875,7929.7998046875,4048.419921875,28237.779296875,4313.77978515625
2023-03-07,168.6199951171875,7919.5,3986.3701171875,28309.16015625,4278.9599609375
2023-03-08,168.5399932861328,7929.89990234375,3992.010009765625,28444.189453125,4288.4501953125
2023-03-09,170.1999969482422,7880.0,3918.320068359375,28623.150390625,4286.1201171875
2023-03-10,173.8699951171875,7748.39990234375,3861.590087890625,28143.970703125,4229.52978515625
2023-03-13,177.86000061035156,7548.60009765625,3855.760009765625,27832.9609375,4096.5400390625
2023-03-14,176.8300018310547,7637.10009765625,3919.2900390625,27222.0390625,4179.47021484375
2023-03-15,178.2100067138672,7344.5,3891.929931640625,27229.48046875,4034.919921875
2023-03-16,178.57000732421875,7410.0,3960.280029296875,27010.609375,4116.97998046875
2023-03-17,183.77000427246094,7335.39990234375,3916.639892578125,27333.7890625,4064.989990234375
2023-03-20,183.83999633789062,7403.89990234375,3951.570068359375,26945.669921875,4119.419921875
2023-03-21,180.3699951171875,7536.2001953125,4002.8701171875,26945.669921875,4181.60009765625
2023-03-22,183.44000244140625,7566.7998046875,3936.969970703125,27466.609375,4195.7001953125
2023-03-23,185.74000549316406,7499.60009765625,3948.719970703125,27419.609375,4207.14013671875
2023-03-24,183.64999389648438,7405.5,3970.989990234375,27385.25,4130.6201171875
2023-03-27,181.9499969482422,7471.7998046875,3977.530029296875,27476.869140625,4164.6201171875
2023-03-28,183.44000244140625,7484.2998046875,3971.27001953125,27518.25,4168.2099609375
2023-03-29,182.52999877929688,7564.2998046875,4027.81005859375,27883.779296875,4231.27001953125
2023-03-30,184.17999267578125,7620.39990234375,4050.830078125,27782.9296875,4285.419921875
2023-03-31,183.22000122070312,7631.7001953125,4109.31005859375,28041.48046875,4315.0498046875
2023-04-03,184.5399932861328,7673.0,4124.509765625,28188.150390625,4311.0498046875
2023-04-04,187.97999572753906,7634.5,4100.60009765625,28287.419921875,4315.31982421875
2023-04-05,187.8300018310547,7662.89990234375,4090.3798828125,27813.259765625,4298.35986328125
2023-04-06,186.49000549316406,7741.60009765625,4105.02001953125,27472.630859375,4309.4501953125
2023-04-07,186.49000549316406,7741.60009765625,4105.02001953125,27518.310546875,4309.4501953125
2023-04-10,185.11000061035156,7741.60009765625,4109.10986328125,27633.66015625,4309.4501953125
2023-04-11,186.27999877929688,7785.7001953125,4108.93994140625,27923.369140625,4333.2900390625
2023-04-12,187.19000244140625,7824.7998046875,4091.949951171875,28082.69921875,4334.02978515625
2023-04-13,189.72000122070312,7843.39990234375,4146.22021484375,28156.970703125,4363.240234375
2023-04-14,186.36000061035156,7871.89990234375,4137.64013671875,28493.470703125,4390.75
2023-04-17,185.52999877929688,7879.5,4151.31982421875,28514.779296875,4367.60986328125
2023-04-18,186.25,7909.39990234375,4154.8701171875,28658.830078125,4393.9501953125
2023-04-19,185.36000061035156,7898.7998046875,4154.52001953125,28606.759765625,4393.56982421875
2023-04-20,186.08999633789062,7902.60009765625,4129.7900390625,28657.5703125,4384.85986328125
2023-04-21,184.25,7914.10009765625,4133.52001953125,28564.369140625,4408.58984375
2023-04-24,184.80999755859375,7912.2001953125,4137.0400390625,28593.51953125,4401.7998046875
2023-04-25,185.75,7891.10009765625,4071.6298828125,28620.0703125,4377.85009765625
2023-04-26,184.74000549316406,7852.60009765625,4055.989990234375,28416.470703125,4347.7099609375
2023-04-27,184.75,7831.60009765625,4135.35009765625,28457.6796875,4358.0498046875
2023-04-28,184.8000030517578,7870.60009765625,4169.47998046875,28856.439453125,4359.31005859375
2023-05-01,183.97000122070312,7870.60009765625,4167.8701171875,29123.1796875,4359.31005859375
2023-05-02,187.52000427246094,7773.0,4119.580078125,29157.94921875,4294.85009765625
2023-05-03,189.11000061035156,7788.39990234375,4090.75,29157.94921875,4310.18017578125
2023-05-04,190.44000244140625,7702.60009765625,4061.219970703125,29157.94921875,4287.02978515625
2023-05-05,187.4600067138672,7778.39990234375,4136.25,29157.94921875,4340.43017578125
2023-05-08,187.69000244140625,7778.39990234375,4138.1201171875,28949.880859375,4348.64990234375
2023-05-09,189.02000427246094,7764.10009765625,4119.169921875,29242.8203125,4323.08984375
2023-05-10,188.75,7741.2998046875,4137.64013671875,29122.1796875,4306.759765625
2023-05-11,187.1300048828125,7730.60009765625,4130.6201171875,29126.720703125,4309.75
2023-05-12,186.80999755859375,7754.60009765625,4124.080078125,29388.30078125,4317.8798828125
2023-05-15,187.2100067138672,7777.7001953125,4136.27978515625,29626.33984375,4316.41015625
2023-05-16,184.8699951171875,7751.10009765625,4109.89990234375,29842.990234375,4315.509765625
2023-05-17,184.22999572753906,7723.2001953125,4158.77001953125,30093.58984375,4323.22998046875
2023-05-18,181.83999633789062,7742.2998046875,4198.0498046875,30573.9296875,4323.22998046875
2023-05-19,183.63999938964844,7756.89990234375,4191.97998046875,30808.349609375,4395.2998046875
2023-05-22,183.2100067138672,7771.0,4192.6298828125,31086.8203125,4385.6298828125
2023-05-23,183.42999267578125,7763.0,4145.580078125,30957.76953125,4342.3798828125
2023-05-24,181.9499969482422,7627.10009765625,4115.240234375,30682.6796875,4263.740234375
2023-05-25,180.1999969482422,7570.89990234375,4151.27978515625,30801.130859375,4269.64013671875
2023-05-26,180.9199981689453,7627.2001953125,4205.4501953125,30916.310546875,4337.5
2023-05-29,180.9199981689453,7627.2001953125,4205.4501953125,31233.5390625,4337.5
2023-05-30,182.0399932861328,7522.10009765625,4205.52001953125,31328.16015625,4291.580078125
2023-05-31,182.32000732421875,7446.10009765625,4179.830078125,30887.880859375,4218.0400390625
2023-06-01,183.75999450683594,7490.2998046875,4221.02001953125,31148.009765625,4257.60986328125
2023-06-02,181.0500030517578,7607.2998046875,4282.3701171875,31524.220703125,4323.52001953125
2023-06-05,182.13999938964844,7600.0,4273.7900390625,32217.4296875,4293.240234375
2023-06-06,182.33999633789062,7628.10009765625,4283.85009765625,32506.779296875,4295.22021484375
2023-06-07,180.14999389648438,7624.2998046875,4267.52001953125,31913.740234375,4291.91015625
2023-06-08,182.52999877929688,7599.7001953125,4293.93017578125,31641.26953125,4297.68017578125
2023-06-09,182.0399932861328,7562.39990234375,4298.85986328125,32265.169921875,4289.7900390625
2023-06-12,181.8800048828125,7570.7001953125,4338.93017578125,32434.0,4316.490234375
2023-06-13,180.5399932861328,7594.7998046875,4369.009765625,33018.6484375,4347.5498046875
2023-06-14,180.63999938964844,7602.7001953125,4372.58984375,33502.421875,4375.97998046875
2023-06-15,181.91000366210938,7628.2998046875,4425.83984375,33485.48828125,4365.1201171875
2023-06-16,181.6300048828125,7642.7001953125,4409.58984375,33706.078125,4394.81982421875
2023-06-19,181.6300048828125,7588.5,4409.58984375,33370.421875,4362.3798828125
2023-06-20,179.75,7569.2998046875,4388.7099609375,33388.91015625,4343.14013671875
2023-06-21,179.49000549316406,7559.2001953125,4365.68994140625,33575.140625,4322.75
2023-06-22,177.7100067138672,7502.0,4381.89013671875,33264.87890625,4304.47021484375
2023-06-23,178.1999969482422,7461.89990234375,4348.330078125,32781.5390625,4271.60986328125
2023-06-26,178.50999450683594,7453.60009765625,4328.81982421875,32698.810546875,4280.56982421875
2023-06-27,177.69000244140625,7461.5,4378.41015625,32538.330078125,4305.259765625
2023-06-28,177.27999877929688,7500.5,4376.85986328125,33193.98828125,4344.75
2023-06-29,177.08999633789062,7471.7001953125,4396.43994140625,33234.140625,4354.68994140625
2023-06-30,178.27000427246094,7531.5,4450.3798828125,33189.0390625,4399.08984375
2023-07-03,178.47000122070312,7527.2998046875,4455.58984375,33753.328125,4398.14990234375
2023-07-04,178.47000122070312,7519.7001953125,4455.58984375,33422.51953125,4390.990234375
2023-07-05,177.83999633789062,7442.10009765625,4446.81982421875,33338.69921875,4350.7099609375
2023-07-06,177.30999755859375,7280.5,4411.58984375,32773.01953125,4223.08984375
2023-07-07,178.63999938964844,7256.89990234375,4398.9501953125,32388.419921875,4236.60009765625
2023-07-10,178.77999877929688,7273.7998046875,4409.52978515625,32189.73046875,4256.509765625
2023-07-11,179.4499969482422,7282.5,4439.259765625,32203.5703125,4286.56005859375
2023-07-12,181.8800048828125,7416.10009765625,4472.16015625,31943.9296875,4360.4599609375
2023-07-13,182.00999450683594,7440.2001953125,4510.0400390625,32419.330078125,4391.759765625
2023-07-14,181.42999267578125,7434.60009765625,4505.419921875,32391.259765625,4400.10986328125
2023-07-17,181.55999755859375,7406.39990234375,4522.7900390625,32391.259765625,4356.7900390625
2023-07-18,183.63999938964844,7453.7001953125,4554.97998046875,32493.890625,4369.72998046875
2023-07-19,183.6699981689453,7588.2001953125,4565.72021484375,32896.03125,4362.27978515625
2023-07-20,182.74000549316406,7646.10009765625,4534.8701171875,32490.51953125,4373.72998046875
2023-07-21,182.17999267578125,7663.7001953125,4536.33984375,32304.25,4391.41015625
2023-07-24,181.39999389648438,7678.60009765625,4554.64013671875,32700.939453125,4383.02978515625
2023-07-25,182.41000366210938,7691.7998046875,4567.4599609375,32682.509765625,4391.2998046875
2023-07-26,183.3000030517578,7676.89990234375,4566.75,32668.33984375,4346.14990234375
2023-07-27,180.4199981689453,7692.7998046875,4537.41015625,32891.16015625,4447.43994140625
2023-07-28,181.86000061035156,7694.2998046875,4582.22998046875,32759.23046875,4466.5
2023-07-31,182.35000610351562,7699.39990234375,4588.9599609375,33172.21875,4471.31005859375
2023-08-01,180.4600067138672,7666.2998046875,4576.72998046875,33476.578125,4471.31005859375
2023-08-02,179.60000610351562,7561.60009765625,4513.39013671875,32707.689453125,4336.5
2023-08-03,179.5399932861328,7529.2001953125,4501.89013671875,32159.279296875,4304.6298828125
2023-08-04,180.19000244140625,7564.39990234375,4478.02978515625,32192.75,4332.91015625
2023-08-07,179.77999877929688,7554.5,4518.43994140625,32254.560546875,4337.5
2023-08-08,178.63999938964844,7527.39990234375,4499.3798828125,32377.2890625,4288.85009765625
2023-08-09,177.7899932861328,7587.2998046875,4467.7099609375,32204.330078125,4317.330078125
2023-08-10,177.60000610351562,7618.60009765625,4468.830078125,32473.650390625,4384.0400390625
2023-08-11,177.60000610351562,7524.2001953125,4464.0498046875,32473.650390625,4321.330078125
2023-08-14,177.05999755859375,7507.2001953125,4489.72021484375,32059.91015625,4330.22998046875
2023-08-15,176.58999633789062,7389.60009765625,4437.85986328125,32238.890625,4288.56982421875
2023-08-16,175.57000732421875,7356.89990234375,4404.330078125,31766.8203125,4284.27001953125
2023-08-17,175.3000030517578,7310.2001953125,4370.35986328125,31626.0,4227.830078125
2023-08-18,175.3300018310547,7262.39990234375,4369.7099609375,31450.759765625,4212.9501953125
2023-08-21,175.80999755859375,7257.7998046875,4399.77001953125,31565.640625,4224.8701171875
2023-08-22,176.10000610351562,7270.7998046875,4387.5498046875,31856.7109375,4260.3701171875
2023-08-23,177.88999938964844,7320.5,4436.009765625,32010.259765625,4266.669921875
2023-08-24,177.85000610351562,7333.60009765625,4376.31005859375,32287.2109375,4232.22021484375
2023-08-25,177.6199951171875,7338.60009765625,4405.7099609375,31624.279296875,4236.25
2023-08-28,178.1300048828125,7338.60009765625,4433.31005859375,32169.990234375,4293.68994140625
2023-08-29,179.8699951171875,7465.0,4497.6298828125,32226.970703125,4326.47021484375
2023-08-30,180.32000732421875,7473.7001953125,4514.8701171875,32333.4609375,4315.31005859375
2023-08-31,180.02000427246094,7439.10009765625,4507.66015625,32619.33984375,4297.10986328125
2023-09-01,180.11000061035156,7464.5,4515.77001953125,32710.619140625,4282.64013671875
2023-09-04,180.11000061035156,7452.7998046875,4515.77001953125,32939.1796875,4279.8701171875
2023-09-05,178.63999938964844,7437.89990234375,4496.830078125,33036.76171875,4269.16015625
2023-09-06,177.8300018310547,7426.10009765625,4465.47998046875,33241.01953125,4238.259765625
2023-09-07,178.02000427246094,7441.7001953125,4451.14013671875,32991.078125,4221.02001953125
2023-09-08,178.0800018310547,7478.2001953125,4457.490234375,32606.83984375,4237.18994140625
2023-09-11,178.41000366210938,7496.89990234375,4487.4599609375,32467.759765625,4254.330078125
2023-09-12,177.49000549316406,7527.5,4461.89990234375,32776.37109375,4242.27001953125
2023-09-13,177.0800018310547,7526.0,4467.43994140625,32706.51953125,4223.47998046875
2023-09-14,177.1699981689453,7673.10009765625,4505.10009765625,33168.1015625,4279.75
2023-09-15,178.33999633789062,7711.39990234375,4450.31982421875,33533.08984375,4295.0498046875
2023-09-18,179.38999938964844,7652.89990234375,4453.52978515625,33533.08984375,4245.8798828125
2023-09-19,179.22000122070312,7660.2001953125,4443.9501953125,33242.58984375,4242.7001953125
2023-09-20,179.35000610351562,7731.7001953125,4402.2001953125,33023.78125,4275.97998046875
2023-09-21,178.0500030517578,7678.60009765625,4330.0,32571.029296875,4212.58984375
2023-09-22,178.6199951171875,7683.89990234375,4320.06005859375,32402.41015625,4207.16015625
2023-09-25,177.6999969482422,7624.0,4337.43994140625,32678.619140625,4167.3701171875
2023-09-26,176.27999877929688,7625.7001953125,4273.52978515625,32315.05078125,4129.18017578125
2023-09-27,174.10000610351562,7593.2001953125,4274.509765625,32371.900390625,4131.68017578125
2023-09-28,173.22999572753906,7601.89990234375,4299.7001953125,31872.51953125,4161.56005859375
2023-09-29,171.4499969482422,7608.10009765625,4288.0498046875,31857.619140625,4174.66015625
2023-10-02,169.64999389648438,7510.7001953125,4288.39013671875,31759.880859375,4137.6298828125
2023-10-03,169.16000366210938,7470.2001953125,4229.4501953125,31237.939453125,4095.590087890625
2023-10-04,169.13999938964844,7412.5,4263.75,30526.880859375,4099.85009765625
2023-10-05,168.8300018310547,7451.5,4258.18994140625,31075.359375,4099.81005859375
2023-10-06,169.6999969482422,7494.60009765625,4308.5,30994.669921875,4144.43017578125
2023-10-09,172.82000732421875,7492.2001953125,4335.66015625,30994.669921875,4112.56982421875
2023-10-10,172.52999877929688,7628.2001953125,4358.240234375,31746.529296875,4205.22998046875
2023-10-11,173.7899932861328,7620.0,4376.9501953125,31936.509765625,4200.7998046875
2023-10-12,173.25999450683594,7644.7998046875,4349.60986328125,32494.66015625,4198.22998046875
2023-10-13,178.8300018310547,7599.60009765625,4327.77978515625,32315.990234375,4136.1201171875
2023-10-16,177.9600067138672,7630.60009765625,4373.6298828125,31659.029296875,4149.85986328125
2023-10-17,178.2899932861328,7675.2001953125,4373.2001953125,32040.2890625,4152.31982421875
2023-10-18,180.8699951171875,7588.0,4314.60009765625,32042.25,4105.85986328125
2023-10-19,183.08999633789062,7499.5,4278.0,31430.619140625,4090.330078125
2023-10-20,183.58999633789062,7402.10009765625,4224.16015625,31259.359375,4024.679931640625
2023-10-23,182.97000122070312,7374.7998046875,4217.0400390625,30999.55078125,4041.75
2023-10-24,182.9499969482422,7389.7001953125,4247.68017578125,31062.349609375,4065.3701171875
2023-10-25,183.72000122070312,7414.2998046875,4186.77001953125,31269.919921875,4073.35009765625
2023-10-26,184.00999450683594,7354.60009765625,4137.22998046875,30601.779296875,4049.39990234375
2023-10-27,186.14999389648438,7291.2998046875,4117.3701171875,30991.689453125,4014.360107421875
2023-10-30,185.10000610351562,7327.39990234375,4166.81982421875,30696.9609375,4028.320068359375
2023-10-31,184.08999633789062,7321.7001953125,4193.7998046875,30858.849609375,4061.1201171875
2023-11-01,183.50999450683594,7342.39990234375,4237.85986328125,31601.650390625,4091.7099609375
2023-11-02,184.1199951171875,7446.5,4317.77978515625,31949.890625,4169.6201171875
2023-11-03,184.7899932861328,7417.7001953125,4358.33984375,31949.890625,4174.669921875
2023-11-06,183.35000610351562,7417.7998046875,4365.97998046875,32708.48046875,4158.64013671875
2023-11-07,182.58999633789062,7410.0,4378.3798828125,32271.8203125,4153.3701171875
2023-11-08,180.77000427246094,7401.7001953125,4382.77978515625,32166.48046875,4178.490234375
2023-11-09,181.49000549316406,7455.7001953125,4347.35009765625,32646.4609375,4229.2001953125
2023-11-10,179.50999450683594,7360.60009765625,4415.240234375,32568.109375,4197.35986328125
2023-11-13,180.50999450683594,7425.7998046875,4411.5498046875,32585.109375,4232.18994140625
2023-11-14,182.1199951171875,7440.5,4495.7001953125,32695.9296875,4291.72021484375
2023-11-15,181.63999938964844,7486.89990234375,4502.8798828125,33519.69921875,4315.52978515625
2023-11-16,183.69000244140625,7411.0,4508.240234375,33424.41015625,4302.4501953125
2023-11-17,183.6699981689453,7504.2998046875,4514.02001953125,33585.19921875,4340.77001953125
2023-11-20,183.3699951171875,7496.39990234375,4547.3798828125,33388.03125,4342.41015625
2023-11-21,185.35000610351562,7482.0,4538.18994140625,33354.140625,4331.89990234375
2023-11-22,184.55999755859375,7469.5,4556.6201171875,33451.828125,4352.02001953125
2023-11-23,184.55999755859375,7483.60009765625,4556.6201171875,33451.828125,4361.31982421875
2023-11-24,185.52000427246094,7488.2001953125,4559.33984375,33625.53125,4372.10009765625
2023-11-27,186.77000427246094,7460.7001953125,4550.43017578125,33447.671875,4354.41015625
2023-11-28,189.25999450683594,7455.2001953125,4554.89013671875,33408.390625,4348.02001953125
2023-11-29,189.5399932861328,7423.5,4550.580078125,33321.21875,4370.52978515625
2023-11-30,188.75,7453.7998046875,4567.7998046875,33486.890625,4382.47021484375
2023-12-01,192.00999450683594,7529.39990234375,4594.6298828125,33431.51171875,4418.509765625
2023-12-04,187.86000061035156,7513.0,4569.77978515625,33231.26953125,4414.9501953125
2023-12-05,187.14999389648438,7489.7998046875,4567.18017578125,32775.8203125,4452.77001953125
2023-12-06,187.83999633789062,7515.39990234375,4549.33984375,33445.8984375,4483.259765625
2023-12-07,188.14999389648438,7513.7001953125,4585.58984375,32858.30859375,4473.77001953125
2023-12-08,185.63999938964844,7554.5,4604.3701171875,32307.859375,4523.31005859375
2023-12-11,183.58999633789062,7544.89990234375,4622.43994140625,32791.80078125,4540.18994140625
2023-12-12,183.49000549316406,7542.7998046875,4643.7001953125,32843.69921875,4536.60986328125
2023-12-13,187.6300048828125,7548.39990234375,4707.08984375,32926.3515625,4530.18994140625
2023-12-14,188.72999572753906,7649.0,4719.5498046875,32686.25,4539.16015625
2023-12-15,187.0,7576.39990234375,4719.18994140625,32970.55078125,4549.43994140625
2023-12-18,187.85000610351562,7614.5,4740.56005859375,32758.98046875,4521.1298828125
2023-12-19,189.1300048828125,7638.0,4768.3701171875,33219.390625,4535.39990234375
2023-12-20,188.10000610351562,7715.7001953125,4698.35009765625,33675.94140625,4533.81982421875
2023-12-21,189.42999267578125,7694.7001953125,4746.75,33140.46875,4524.85986328125
2023-12-22,190.27000427246094,7697.5,4754.6298828125,33169.05078125,4521.47021484375
2023-12-25,190.27000427246094,7697.5,4754.6298828125,33254.03125,4521.47021484375
2023-12-26,191.72000122070312,7697.5,4774.75,33305.8515625,4521.47021484375
2023-12-27,192.58999633789062,7725.0,4781.580078125,33681.23828125,4528.3798828125
2023-12-28,191.47000122070312,7722.7001953125,4783.35009765625,33539.62109375,4514.3798828125
2023-12-29,191.1699981689453,7733.2001953125,4769.830078125,33464.171875,4521.64990234375
2024-01-02,190.72000122070312,7721.5,4742.830078125,33464.171875,4521.64990234375
2024-01-03,189.1300048828125,7682.2998046875,4704.81005859375,33464.171875,4448.1298828125
2024-01-04,189.32000732421875,7723.10009765625,4688.68017578125,33288.2890625,4474.009765625
2024-01-05,189.35000610351562,7689.60009765625,4697.240234375,33377.421875,4463.509765625
2024-01-08,187.8699951171875,7694.2001953125,4763.5400390625,33377.421875,4485.47998046875
2024-01-09,187.92999267578125,7684.0,4756.5,33763.1796875,4467.169921875
2024-01-10,187.5,7651.7998046875,4783.4501953125,34441.71875,4468.97998046875
2024-01-11,187.8699951171875,7576.60009765625,4780.240234375,35049.859375,4442.27978515625
2024-01-12,189.7100067138672,7624.89990234375,4783.830078125,35577.109375,4480.02001953125
2024-01-15,189.7100067138672,7594.89990234375,4783.830078125,35901.7890625,4454.68017578125
2024-01-16,187.91000366210938,7558.2998046875,4765.97998046875,35619.1796875,4446.509765625
2024-01-17,185.83999633789062,7446.2998046875,4739.2099609375,35477.75,4403.080078125
2024-01-18,187.3699951171875,7459.10009765625,4780.93994140625,35466.171875,4453.0498046875
2024-01-19,187.92999267578125,7461.89990234375,4839.81005859375,35963.26953125,4448.830078125
2024-01-22,187.22000122070312,7487.7001953125,4850.43017578125,36546.94921875,4480.31982421875
2024-01-23,187.9499969482422,7485.7001953125,4864.60009765625,36517.5703125,4465.91015625
2024-01-24,186.39999389648438,7527.7001953125,4868.5498046875,36226.48046875,4564.10986328125
2024-01-25,187.13999938964844,7529.7001953125,4894.16015625,36236.46875,4582.259765625
2024-01-26,187.00999450683594,7635.10009765625,4890.97021484375,35751.0703125,4635.47021484375
2024-01-29,188.3300018310547,7632.7001953125,4927.93017578125,36026.94140625,4639.35986328125
2024-01-30,188.58999633789062,7666.2998046875,4924.97021484375,36065.859375,4662.7001953125
2024-01-31,188.4499969482422,7630.60009765625,4845.64990234375,36286.7109375,4648.39990234375
2024-02-01,190.41000366210938,7622.2001953125,4906.18994140625,36011.4609375,4638.60009765625
2024-02-02,188.61000061035156,7615.5,4958.60986328125,36158.01953125,4654.5498046875
2024-02-05,187.57000732421875,7612.89990234375,4942.81005859375,36354.16015625,4655.27001953125
2024-02-06,188.5500030517578,7681.0,4954.22998046875,36160.66015625,4690.8701171875
2024-02-07,188.5,7628.7998046875,4995.06005859375,36119.921875,4678.85009765625
2024-02-08,188.3300018310547,7595.5,4997.91015625,36863.28125,4710.77978515625
2024-02-09,187.60000610351562,7572.60009765625,5026.60986328125,36897.421875,4715.8701171875
2024-02-12,187.11000061035156,7573.7001953125,5021.83984375,36897.421875,4746.35009765625
2024-02-13,184.52999877929688,7512.2998046875,4953.169921875,37963.96875,4689.27978515625
2024-02-14,184.4199981689453,7568.39990234375,5000.6201171875,37703.3203125,4709.22021484375
2024-02-15,185.66000366210938,7597.5,5029.72998046875,38157.94140625,4743.169921875
2024-02-16,186.33999633789062,7711.7001953125,5005.56982421875,38487.23828125,4765.64990234375
2024-02-19,186.33999633789062,7728.5,5005.56982421875,38470.37890625,4763.06982421875
2024-02-20,187.47000122070312,7719.2001953125,4975.509765625,38363.609375,4760.27978515625
2024-02-21,187.47999572753906,7662.5,4981.7998046875,38262.16015625,4775.31005859375
2024-02-22,187.55999755859375,7684.5,5087.02978515625,39098.6796875,4855.35986328125
2024-02-23,188.6199951171875,7706.2998046875,5088.7998046875,39098.6796875,4872.56982421875
2024-02-26,188.1999969482422,7684.2998046875,5069.52978515625,39233.7109375,4864.2900390625
2024-02-27,188.0,7683.0,5078.18017578125,39239.51953125,4885.740234375
2024-02-28,188.33999633789062,7625.0,5069.759765625,39208.03125,4883.77001953125
2024-02-29,189.30999755859375,7630.0,5096.27001953125,39166.19140625,4877.77001953125
2024-03-01,192.88999938964844,7682.5,5137.080078125,39910.8203125,4894.85986328125
2024-03-04,196.00999450683594,7640.2998046875,5130.9501953125,40109.23046875,4912.919921875
2024-03-05,197.19000244140625,7646.2001953125,5078.64990234375,40097.62890625,4893.06982421875
2024-03-06,198.80999755859375,7679.2998046875,5104.759765625,40090.78125,4915.490234375
2024-03-07,199.94000244140625,7692.5,5157.35986328125,39598.7109375,4974.22021484375
2024-03-08,201.6300048828125,7659.7001953125,5123.68994140625,39688.94140625,4961.10986328125
2024-03-11,202.0,7669.2001953125,5117.93994140625,38820.48828125,4930.419921875
2024-03-12,199.7899932861328,7747.7998046875,5175.27001953125,38797.51171875,4983.2001953125
2024-03-13,201.19000244140625,7772.2001953125,5165.31005859375,38695.96875,5000.5498046875
2024-03-14,200.35000610351562,7743.2001953125,5150.47998046875,38807.37890625,4993.1201171875
2024-03-15,199.7100067138672,7727.39990234375,5117.08984375,38707.640625,4986.02001953125
2024-03-18,200.02999877929688,7722.60009765625,5149.419921875,39740.44140625,4982.759765625
2024-03-19,199.8000030517578,7738.2998046875,5178.509765625,40003.6015625,5007.919921875
2024-03-20,202.17999267578125,7737.39990234375,5224.6201171875,40003.6015625,5000.31005859375
2024-03-21,201.97000122070312,7882.60009765625,5241.52978515625,40815.66015625,5052.31005859375
2024-03-22,200.35000610351562,7930.89990234375,5234.18017578125,40888.4296875,5031.14990234375
2024-03-25,200.99000549316406,7917.60009765625,5218.18994140625,40414.12109375,5044.18994140625
2024-03-26,201.63999938964844,7931.0,5203.580078125,40398.03125,5064.18017578125
2024-03-27,203.10000610351562,7932.0,5248.490234375,40762.73046875,5081.740234375
2024-03-28,205.72000122070312,7952.60009765625,5254.35009765625,40168.0703125,5083.419921875
2024-03-29,205.72000122070312,7952.60009765625,5254.35009765625,40369.44140625,5083.419921875
2024-04-01,207.82000732421875,7952.60009765625,5243.77001953125,39803.08984375,5083.419921875
2024-04-02,210.88999938964844,7935.10009765625,5205.81005859375,39838.91015625,5042.0
2024-04-03,212.74000549316406,7937.39990234375,5211.490234375,39451.8515625,5069.25
2024-04-04,211.52000427246094,7975.89990234375,5147.2099609375,39773.140625,5070.759765625
2024-04-05,215.13999938964844,7911.2001953125,5204.33984375,38992.078125,5014.75
2024-04-08,216.47999572753906,7943.5,5202.39013671875,39347.0390625,5046.0498046875
2024-04-09,217.6699981689453,7934.7998046875,5209.91015625,39773.12890625,4990.89990234375
2024-04-10,215.61000061035156,7961.2001953125,5160.64013671875,39581.80859375,5000.830078125
2024-04-11,219.8000030517578,7923.7998046875,5199.06005859375,39442.62890625,4966.68017578125
2024-04-12,216.88999938964844,7995.60009765625,5123.41015625,39523.55078125,4955.009765625
2024-04-15,220.9499969482422,7965.5,5061.81982421875,39232.80078125,4984.47998046875
2024-04-16,221.22000122070312,7820.39990234375,5051.41015625,38471.19921875,4916.990234375
2024-04-17,219.58999633789062,7848.0,5022.2099609375,37961.80078125,4914.1298828125
2024-04-18,220.33999633789062,7877.10009765625,5011.1201171875,38079.69921875,4936.56982421875
2024-04-19,221.02999877929688,7895.89990234375,4967.22998046875,37068.3515625,4918.08984375
2024-04-22,215.57000732421875,8023.89990234375,5010.60009765625,37438.609375,4936.85009765625
2024-04-23,215.0399932861328,8044.7998046875,5070.5498046875,37552.16015625,5008.169921875
2024-04-24,214.63999938964844,8040.39990234375,5071.6298828125,38460.078125,4989.8798828125
2024-04-25,215.9199981689453,8078.89990234375,5048.419921875,37628.48046875,4939.009765625
2024-04-26,216.6199951171875,8139.7998046875,5099.9599609375,37934.76171875,5006.85009765625
2024-04-29,216.17999267578125,8147.0,5116.169921875,37934.76171875,4981.08984375
2024-04-30,211.8699951171875,8144.10009765625,5035.68994140625,38405.66015625,4921.22021484375
2024-05-01,213.7899932861328,8121.2001953125,5018.39013671875,38274.05078125,4921.22021484375
2024-05-02,213.1300048828125,8172.2001953125,5064.2001953125,38236.0703125,4890.60986328125
2024-05-03,212.9600067138672,8213.5,5127.7900390625,38236.0703125,4921.47998046875
2024-05-06,215.1999969482422,8213.5,5180.740234375,38236.0703125,4956.9599609375
2024-05-07,214.2100067138672,8313.7001953125,5187.7001953125,38835.1015625,5016.10009765625
2024-05-08,213.5800018310547,8354.099609375,5187.669921875,38202.37109375,5038.169921875
2024-05-09,216.9499969482422,8381.400390625,5214.080078125,38073.98046875,5038.169921875
2024-05-10,218.7100067138672,8433.7998046875,5222.68017578125,38229.109375,5085.080078125
2024-05-13,216.25999450683594,8415.0,5221.419921875,38179.4609375,5078.9599609375
2024-05-14,218.08999633789062,8428.099609375,5246.68017578125,38356.05859375,5080.2900390625
2024-05-15,220.88999938964844,8445.7998046875,5308.14990234375,38385.73046875,5100.89990234375
2024-05-16,220.02999877929688,8438.7001953125,5297.10009765625,38920.26171875,5072.4501953125
2024-05-17,223.66000366210938,8420.2998046875,5303.27001953125,38787.37890625,5064.14013671875
2024-05-20,224.55999755859375,8424.2001953125,5308.1298828125,39069.6796875,5064.14013671875
2024-05-21,224.22999572753906,8416.5,5321.41015625,38946.9296875,5046.990234375
2024-05-22,220.11000061035156,8370.2998046875,5307.009765625,38617.1015625,5025.169921875
2024-05-23,215.72000122070312,8339.2001953125,5267.83984375,39103.21875,5037.60009765625
2024-05-24,215.9199981689453,8317.599609375,5304.72021484375,38646.109375,5035.41015625
2024-05-27,215.9199981689453,8317.599609375,5304.72021484375,38900.01953125,5059.2001953125
2024-05-28,218.19000244140625,8254.2001953125,5306.0400390625,38855.37109375,5030.35009765625
2024-05-29,216.16000366210938,8183.10009765625,5266.9501953125,38556.87109375,4963.2001953125
2024-05-30,216.57000732421875,8231.099609375,5235.47998046875,38054.12890625,4982.18017578125
