Date,GLD,^FTSE,^GSPC,^N225,^STOXX50E
2019-01-07,0.003458482876331992,-0.0038757422965587374,0.007010434848680358,0.02438455772143877,-0.0026990827340410695
2019-01-08,-0.00270804061547536,0.007443978921941374,0.009695285023358924,0.00823736716922574,0.007021284523662796
2019-01-09,0.006418158373500793,0.006558237052516569,0.004098045450532162,0.011038460363548941,0.005008297747772339
2019-01-10,-0.005886691481276629,0.005255813884434746,0.004518418782931244,-0.012887794845513167,0.0017881306516223106
2019-01-11,0.001727170986037141,-0.003557549061439347,-0.00014629784190933748,0.009715352756418882,-0.0018499482862220917
2019-01-14,0.002380897199235621,-0.009135352191068757,-0.005257525167898014,0.0,-0.004840362742113524
2019-01-15,-0.0017200351443330542,0.005835156819839593,0.010721688622945758,0.009606715779468589,0.004212556207970675
2019-01-16,0.003199863787636481,-0.0046845256979695105,0.0022219854881162515,-0.005474944290874029,0.0029888436397909057
2019-01-17,-0.001308546962521917,-0.004050926337673677,0.0075914003822110665,-0.001980187046752513,-0.002557461969505126
2019-01-18,-0.008926410300850951,0.019517462471982272,0.01318305304897005,0.012929972366355624,0.021362771313972573
2019-01-21,0.0,0.0003301082090645391,0.0,0.0025771597995960516,-0.003141979304445486
2019-01-22,0.0035531343340227117,-0.009927437285602969,-0.014157306164566674,-0.004653621594493451,-0.003926318214583779
2019-01-23,-0.0013997379433263735,-0.008476541111627656,0.0022029127742235755,-0.001415389627547503,-0.00021529362795957852
2019-01-24,-0.0015666428373899421,-0.003492657014544931,0.0013757255543636049,-0.0009269740046101704,0.004556421587532
2019-01-25,0.01461726258147622,-0.001437132231632221,0.008488694060713842,0.009668688048872331,0.011812626050672792
2019-01-28,0.0034999210730881636,-0.009120028178786765,-0.007846827493937836,-0.005996109650723169,-0.008209927410914197
2019-01-29,0.005596580714432919,0.01286475721883118,-0.0014562465775435074,0.0007574519347184339,0.005147756566443951
2019-01-30,0.005726722578225596,0.015759697515552284,0.01554926091974429,-0.005231233606318719,0.0026384270301773594
2019-01-31,0.0004811737703025454,0.003932782687483982,0.008597395948725328,0.010553876370695603,-0.0007306288944963768
2019-02-01,-0.002004008016032066,0.007361318671186057,0.0008986100931438479,0.0007172791118337241,0.0037000933079103238
2019-02-04,-0.004337356751223598,0.0019799866039478253,0.006776236617404008,0.00458808514668263,-0.0018669005893335866
2019-02-05,0.002581475453272253,0.020372158868658508,0.00470842037697472,-0.001882816818159272,0.015746268374663863
2019-02-06,-0.006758902044908699,-0.0005990755351524824,-0.0022244379802809355,0.0014205857787004117,-0.0007122894379778533
2019-02-07,0.002430293392984062,-0.011083074112680502,-0.009357140143940179,-0.005882001239015389,-0.019294993458680243
2019-02-08,0.0037982966608791635,-0.003157762213174542,0.0006762010869560964,-0.02014860717830369,-0.0048051557501046505
2019-02-11,-0.004911042708701019,0.008188129418557732,0.0007091030986317026,0.0,0.009564293222252607
2019-02-12,0.002103577179937588,0.0005610806336293628,0.0128902247439735,0.02611698115273664,0.00794156315055461
2019-02-13,-0.003956062177901898,0.008089008459338576,0.003023994668760688,0.01343302807326685,0.0036418137389329086
2019-02-14,0.005592889654295163,0.0008622400123639018,-0.002651641555101225,-0.00022556861858347155,-0.006154880403216989
2019-02-15,0.005964900110646321,0.005516214438307632,0.01087875260858695,-0.01130952446946154,0.01840915759415629
2019-02-18,0.0,-0.0023768008689432074,0.0,0.018239581023412166,0.0010921832819128507
2019-02-19,0.01522430969570121,-0.005582076970358063,0.0014987433214488366,0.0009773953689080628,-0.0016580816904503415
2019-02-20,-0.0017363346220006237,0.006880975735431338,0.0017771107537685182,0.006048066385518913,0.006198683917690628
2019-02-21,-0.01130613747012843,-0.008466396603173942,-0.003526436790880272,0.0015276695188692901,0.0012916011247505743
2019-02-22,0.0035985360836492397,0.001562658071979195,0.006411102394986878,-0.0018039641896956393,0.002098874822665797
2019-02-25,-0.0010358346885892544,0.0007104585276891395,0.0012318625699112573,0.004794317813142657,0.0028924678712345386
2019-02-26,0.001675034536747333,-0.0045380648927306755,-0.0007904570968998437,-0.0036621608944795714,0.0028384238359124847
2019-02-27,-0.0070871108191714605,-0.006138901951342812,-0.0005440493877303387,0.004994041206007438,-0.0019913078362702175
2019-02-28,-0.005613959130088775,-0.004572827429489723,-0.0028255083152146643,-0.007948856806505922,0.004718573077679977
2019-03-01,-0.017017506627186707,0.0045231598677781815,0.00689532059343434,0.01017197417674831,0.004196178545550211
2019-03-04,-0.0026255308667166855,0.00389768897941134,-0.003880558492514008,0.010153810239736938,0.0015156605728197103
2019-03-05,0.0013162525939689473,0.006868131962143309,-0.001131532823106185,-0.004388213463954349,0.0030357128662823474
2019-03-06,-0.0009037184460104486,0.0017540576645522776,-0.006524098653592381,-0.005959085227198679,-0.0007574017641399644
2019-03-07,-0.0008222882461902392,-0.0053362843723944176,-0.00812571755868352,-0.006519517358565374,-0.004758314235846939
2019-03-08,0.010945553273622899,-0.007446670984902259,-0.0021316888487414865,-0.020061941780042836,-0.007631049837490411
2019-03-11,-0.004884390198699795,0.0037020246458907557,0.014666041867757107,0.004733728580177843,0.006346644880682817
2019-03-12,0.006053709964792153,0.002888971106796534,0.0029533182046204143,0.017921798779332088,-0.0001482823846289394
2019-03-13,0.006992949727453013,0.001118693335594667,0.006949583813841809,-0.00992616728470197,0.005902026449608799
2019-03-14,-0.011547098821608426,0.0036595857521073416,-0.0008680223820187738,-0.0001512760349129394,0.005590599647347982
2019-03-15,0.004574769560006908,0.005970426549224639,0.00498490290027398,0.0076962431440668055,0.013180626278631147
2019-03-18,0.0005692420438265788,0.00980872301104907,0.0037059469012648005,0.006230540657307548,0.0005492673647222723
2019-03-19,0.002763299214570303,0.0033976057682902905,-0.0001305615560248663,-0.000817734514350521,0.006216184158509108
2019-03-20,0.006484057947534705,-0.004505734571272568,-0.0029443536044478913,0.001950693460657904,-0.0107421875
2019-03-21,-0.004026413261163153,0.008819065243107937,0.010852481049954399,0.0,-0.0014766961735629414
2019-03-22,0.002344768069306058,-0.020080718795054686,-0.018974501239482744,0.0008524221451879921,-0.01831380996123355
2019-03-25,0.007663119616744485,-0.004162273099718061,-0.000839020658475631,-0.030065207901096014,-0.001588151491809242
2019-03-26,-0.004963137418150021,0.0026052868335972867,0.007182725862306283,0.02151303317976816,0.005771902553827868
2019-03-27,-0.005229296137734041,-0.0002917623545412029,-0.0046443248906916645,-0.0023174935121847984,0.0007561340742432421
2019-03-28,-0.014152850613865509,0.005573880109859486,0.003589481529391092,-0.016136164101477224,-0.0005267847405276971
2019-03-29,0.0009023839948698598,0.006206597989746987,0.0067342800173637585,0.008179744523429289,0.009463005190917473
2019-04-01,-0.003934131206699387,0.0052477890436162244,0.011568600124275408,0.014298852162700548,0.01004559531325988
2019-04-02,0.0037028271386223555,0.010071910281805652,1.745570720723677e-05,-0.00017289250708030224,0.0030484225453604186
2019-04-03,-0.0014756542074284562,0.0036800620573214093,0.002148376881724312,0.009667397742145534,0.011738406807149993
2019-04-04,0.002545135885276162,-0.0022107359874276034,0.0020846350796801527,0.0005406054997478815,0.001854100332474573
2019-04-05,-0.0010645913747292512,0.006079520203421174,0.004636432770241061,0.003799814693180137,0.0016095734580683363
2019-04-08,0.004344964459018996,0.0006714203313551437,0.0010474599539205265,-0.0021024697638427625,-0.002729512421961955
2019-04-09,0.0052240582686200465,-0.003529275088521855,-0.006067494393846573,0.0018812660064899678,-0.006061583432358408
2019-04-10,0.003085645543724258,-0.0004983025296053656,0.0034778715639784963,-0.005275498556561287,0.002174262032975438
2019-04-11,-0.012790430232882621,-0.0005254587632633756,3.8123067008344336e-05,0.0010978890918580397,0.0031215411360907552
2019-04-12,-0.0009839698252592788,0.002574831175013559,0.006609324208602496,0.007331624300223494,0.003635736175990667
2019-04-15,-0.0018879040751598186,-2.6918464169023437e-05,-0.0006293691084816588,0.01365071679279195,0.0007627646238095309
2019-04-16,-0.008963785785923162,0.004437332817885498,0.0005093580038946222,0.002370450718659045,0.0037386744464265043
2019-04-17,-0.0019085831288393473,0.00018740577009745962,-0.0022738117853239315,0.0025340387027368294,0.00414911317367217
2019-04-18,0.0007482870651696061,-0.0015258258458049623,0.0015790922795098083,-0.008432166690732323,0.006182193592011442
2019-04-19,0.0,0.0,0.0,0.00499958400164946,0.0
2019-04-22,0.0,0.0,0.001012017561471401,0.0007810543212811716,0.0
2019-04-23,-0.002076929420084306,0.008471989723701778,0.008841205788409079,0.0018831592101140604,0.0013203239607821882
2019-04-24,0.002913740144174559,-0.006819036341777829,-0.002191763174733685,-0.0026837794936503956,-0.00034824972808233934
2019-04-25,0.0008300695036758121,-0.005045599188511329,-0.0003689736527457965,0.004845949465090094,-0.0030576913050545107
2019-04-26,0.006635175033447238,-0.0007936269711528166,0.0046852921407636305,-0.00218982109237853,0.002431324435932636
2019-04-29,-0.004449212353194731,0.0016827764022686598,0.001071522174355355,0.0,0.000437100035507898
2019-04-30,0.003062112981714993,-0.00302390896144078,0.0009514170090862972,0.0,0.0036209004133171963
2019-05-01,-0.0066006224629273635,-0.004435090690298349,-0.007502163081421376,0.0,0.0
2019-05-02,-0.0038205903541770336,-0.004603739983368049,-0.0021239857917741967,0.0,-0.007309519859982183
2019-05-03,0.005919618726200504,0.003985729564459639,0.009638279380647763,0.0,0.0038837262695479158
2019-05-06,0.001326117121354109,0.0,-0.004470988428756373,0.0,-0.011286297000214218
2019-05-07,0.003310996887363471,-0.01627240279477926,-0.016511651392423388,-0.015050713071679267,-0.01784317992860107
2019-05-08,-0.0024750055657883907,0.001446181392465995,-0.0016054253132695706,-0.01464764415326758,0.004733707932675468
2019-05-09,0.002398422606480377,-0.008747090861814022,-0.0030214249424966866,-0.009279395934696066,-0.01947468107136785
2019-05-10,0.0018977175142322888,-0.0005688733401509882,0.0037202972597878414,-0.0026731421219649,0.0030859394012521246
2019-05-13,0.010211626950944686,-0.005497426241960812,-0.02413055719884427,-0.007197994912248151,-0.011981380504967665
2019-05-14,-0.001711902564663359,0.01087425495482397,0.008015944543135589,-0.00585376778754898,0.013129401264454277
2019-05-15,-0.0005716127335255727,0.007650229451593216,0.00583897507464215,0.005759185019833302,0.00636079968070824
2019-05-16,-0.007190107507201948,0.007742908044401808,0.008895287120600504,-0.005926786666191064,0.015588735487885641
2019-05-17,-0.007077611679961904,-0.0006663360772081184,-0.005837333350761975,0.008883328514575739,-0.003757435029623668
2019-05-20,-8.290208125960596e-05,-0.005130255397150285,-0.0067493779153879885,0.0024301367843482247,-0.01630640260883054
2019-05-21,-0.002320944800343727,0.002462077205328761,0.008495835590448308,-0.0013745948970181887,0.004964709958305669
2019-05-22,-0.0009970317877493473,0.0007232044426006556,-0.0028243962306494508,0.0005133363705658311,6.199920770777467e-05
2019-05-23,0.007734533613594108,-0.014071090584418244,-0.01191414994527018,-0.0062127624038905704,-0.017574532304450607
2019-05-24,0.0010729131367255285,0.006458331532637196,0.0013535590072402126,-0.0016036923245126289,0.007062996016131473
2019-05-27,0.0,0.0,0.0,0.0030950746747808733,0.003981283936199453
2019-05-28,-0.0038747008151563955,-0.0011954594279802722,-0.008375676922946718,0.0036615250167326696,-0.004512411108179126
2019-05-29,0.0003310511869667465,-0.011514678128009326,-0.0069119122568113145,-0.012077600468599958,-0.015244007569914841
2019-05-30,0.0067841455794737104,0.004578847302034061,0.0020984713906617714,-0.002896670688528835,0.0
2019-05-31,0.013476862164072179,-0.007827435991134113,-0.01319537280847849,-0.016298883430519218,-0.005270202541785007
2019-06-03,0.014432812396575123,0.00322543652275753,-0.0027652403144732274,-0.009237747858346745,0.006032757740569217
2019-06-04,0.0003197259638094696,0.004105890324286321,0.021432370568193138,-0.00011473276881746042,0.010081152113070146
2019-06-05,0.00255692921232642,0.0008178743308069336,0.008161854781411959,0.018010135157120688,0.001937897205758654
2019-06-06,0.003267681746440987,0.005498421921461993,0.006135586748687638,-9.91787156271462e-05,-0.00046109644905301117
2019-06-07,0.0056402851919619135,0.009917492109878356,0.01049769746289475,0.005327412481849869,0.011972757017687519
2019-06-10,-0.00995334973762707,0.005946630237315675,0.0046600444669098184,0.011956544915669776,0.0
2019-06-11,-0.0011968524989020013,0.003118432648633984,-0.00034988023558091275,0.003305478705270426,0.006725180598943004
2019-06-12,0.00519253494403471,-0.004176509068561152,-0.0020375791387226005,-0.003516205040790421,-0.004254568941890802
2019-06-13,0.006119340633088832,0.00013572940804951195,0.004097381912668174,-0.004624798618873771,0.0011427635500238509
2019-06-14,-0.00031596300165448454,-0.00309425028724275,-0.001611511904139773,0.004036260222518129,-0.0033358084629847573
2019-06-17,-0.0006320654488251032,0.0015655204750695262,0.0009317492412306283,0.0003366677001008789,0.001189640002768444
2019-06-18,0.005060083591572395,0.011648321746777102,0.009717399870633026,-0.007161951453323212,0.02059580470770328
2019-06-19,0.006057242183996836,-0.005306999865645534,0.002985163546397107,0.017220387207036447,0.0005242155556830497
2019-06-20,0.025177896911959374,0.0028229759362126128,0.009472185190685156,0.006046265378527593,0.003873021432320378
2019-06-21,0.006635612181659978,-0.0022762650942893536,-0.0012592227925193322,-0.00951498336879919,-0.0003345240663032989
2019-06-24,0.014850786310930397,0.0012420108420518883,-0.0017318870104667816,0.0012865173205307556,-0.0032737570441161434
2019-06-25,0.0019411266395166216,0.000768496350284309,-0.009496397343734198,-0.004330533204470743,-0.003244026518270604
2019-06-26,-0.009165393111099984,-0.0008083638821596573,-0.0012339337557076835,-0.005059057354875218,-0.00040941022599860766
2019-06-27,-0.000977700846950591,-0.0019012051456116508,0.003823175554131808,0.011930809106128093,-0.000165575558012665
2019-06-28,0.0027100317696175935,0.0031477099798085106,0.0057574526279098315,-0.00291730735240725,0.009095468733732348
2019-07-01,-0.019369383559800002,0.009682705962908544,0.007672301032188189,0.021341064589323056,0.006880333848880982
2019-07-02,0.021359735486276676,0.008229435853617906,0.002928125887423194,0.0011182172519683675,0.002970586122741148
2019-07-03,0.001649060899963084,0.006627633622677154,0.007672378673070135,-0.0053373143526244116,0.00930732288255176
2019-07-04,0.0,-0.0007490448763418645,0.0,0.002971096527420336,0.000994178902555598
2019-07-05,-0.011150231525253074,-0.006641590740097736,-0.00180590159841032,0.002024271094114294,-0.004562426060000124
2019-07-08,-0.006432617734537516,-0.0005031434668698598,-0.004835444424841517,-0.0097501856226615,-0.0011961436080950572
2019-07-09,0.0035037454291328984,-0.001695495611334974,0.0012365569653400854,0.0014303093340970463,-0.003975869448202496
2019-07-10,0.015787490178783115,-0.000769562089497744,0.0045106896075925995,-0.0014685694883337375,-0.002344890795284549
2019-07-11,-0.008443584154164463,-0.002775358211446144,0.002285226738359958,0.005110591772876871,-0.0013679884837960454
2019-07-12,0.006254723814186791,-0.0005059794916407734,0.004620174547884881,0.001957679506369603,0.0002573554002671674
2019-07-15,0.0,0.0034239535454969605,0.00017586919155743175,0.0,0.0013123423702379178
2019-07-16,-0.008462554430785363,0.0060411326553222455,-0.003403778522185874,-0.006946928092048554,0.005465144074005002
2019-07-17,0.01646531748539748,-0.005503377796233666,-0.006531243569450895,-0.0030680076850744253,-0.005617156068527418
2019-07-18,0.014117951186161548,-0.005626687325824387,0.003581997784064761,-0.019699842252065558,-0.0053547254615522455
2019-07-19,-0.014727392803034478,0.0020819283678232825,-0.00617673452276668,0.019991694255812265,-0.000760917536867578
2019-07-22,-0.00014876383044060137,0.0008256698056903211,0.002828694915066654,-0.0023385286585081433,0.002798703062971697
2019-07-23,-0.005652618252780628,0.005588896797800391,0.006847482673755456,0.009529523603160284,0.012306928604087997
2019-07-24,0.005086339018351538,-0.007331035617736292,0.004688147952890187,0.004102027743543291,8.43086648028013e-06
2019-07-25,-0.007070008058076338,-0.0016529897145570738,-0.005262401280453521,0.0021640441553534284,-0.0064394691694795725
2019-07-26,0.001648937368628589,0.008011643484212128,0.007387691099234761,-0.004522793691627003,0.0040796173262609425
2019-07-29,0.006659678193005059,0.018214091510415864,-0.0016161146071345112,-0.0019091939352724463,-0.00025248976031067016
2019-07-30,0.003344956160896251,-0.005177880007168012,-0.0025786549148275606,0.004279530840902268,-0.017235305888398056
2019-07-31,-0.013112972808538625,-0.00784641961768373,-0.010885526112695776,-0.00864980256257053,0.0011551178616444613
2019-08-01,0.02402219643390402,-0.00025042210057735215,-0.00899879386967306,0.0009042543971458095,0.0
2019-08-02,-0.0038120684590625675,-0.023441285577487925,-0.007282739927037873,-0.021068208712187286,-0.026170724984644567
2019-08-05,0.013981852270352535,-0.024733052462794225,-0.0297778200029859,-0.017397842622315474,-0.0193092020674851
2019-08-06,0.008128386897085838,-0.007225973191338664,0.013017017169932643,-0.006514316244230711,-0.0058201230255879866
2019-08-07,0.015189695160357397,0.00376479764416926,0.0007668762331907164,-0.0033397601577809244,0.0055686427560657226
2019-08-08,0.005034686098196239,0.0121132572082987,0.018762303409984193,0.003742784387497977,0.019755314297338566
2019-08-09,-0.0033161732510501585,-0.004392044967527764,-0.00661660635492356,0.004441759347559415,-0.012336357394957531
2019-08-12,0.009698502260031328,-0.003749666716859723,-0.012317322177972212,0.0,-0.00215671930843786
2019-08-13,-0.005959518154781018,0.0033486524108121696,0.015131688322181258,-0.011089332946072727,0.009201684277088562
2019-08-14,0.0068415942238304606,-0.014205133347201082,-0.029292752911742603,0.009762264296868661,-0.020392225193254232
2019-08-15,0.0066549698650941735,-0.011317995977703,0.0024642680276520945,-0.012078377544471719,-0.0018000796554549225
2019-08-16,-0.006402214255277094,0.007103466154308791,0.014426124657807904,0.0006449270666739615,0.01410391449165771
2019-08-19,-0.011696303286335752,0.010186589952570158,0.012105865492430645,0.007069442612419596,0.012048332374101633
2019-08-20,0.007795380191040424,-0.008999011579743366,-0.007914727601131322,0.005546839396683545,-0.0056274538590087575
2019-08-21,-0.003164420123660472,0.011087719298245702,0.00824679859557964,-0.0028364735989946377,0.01333040190367063
2019-08-22,-0.0025395077899371676,-0.01052190514818152,-0.0005060748601761755,0.00045781317433424285,-0.0062505622787696336
2019-08-23,0.019589847185487175,-0.004657584579952245,-0.025946336754618105,0.004018826419364352,-0.01168458171304776
2019-08-26,0.00013875475282665306,0.0,0.010982987735216332,-0.02172145455491925,0.004375823015858149
2019-08-27,0.00957073902105865,-0.0007610856016561085,-0.003203180635808267,0.009626407363578338,0.006458917787897311
2019-08-28,-0.002816539407023644,0.003540410927345139,0.006545480165679685,0.001140973425058034,-0.0015102012285732602
2019-08-29,-0.007164566813753437,0.009782507690324849,0.012687291793508804,-0.0009028690483195989,0.013653791522072911
2019-08-30,-0.0025672712303844714,0.003187560548358226,0.0006427872591217021,0.011897770865891832,0.004523142377681033
2019-09-02,0.0,0.01036459443430382,0.0,-0.004065793404679385,0.001686733030735521
2019-09-03,0.013913043478260834,-0.0018813369058864327,-0.00689910050906084,0.00024106001238743957,-0.0034377017292849255
2019-09-04,0.006243592878966586,0.005929887484771967,0.010842079212828093,0.0011626803655502282,0.008796368030463242
2019-09-05,-0.024001119491110168,-0.005484607449593448,0.013009813642266721,0.02115336594667605,0.00981499299591082
2019-09-06,-0.008523132778435305,0.0015265168165987664,0.0009106051537297599,0.005388939849116259,0.0030102994178444753
2019-09-09,-0.0037344897557421985,-0.006385345460519054,-9.401025965849463e-05,0.005606227278338816,-4.861592012128657e-05
2019-09-10,-0.008557937047107611,0.004450122471829632,0.0003223043548219451,0.00345615143007838,0.0011358935516647684
2019-09-11,0.006063676329913781,0.009631260319207469,0.007229681189480308,0.009613836883962001,0.005095778546027052
2019-09-12,0.002056360685188219,0.0009130819450122729,0.002879153101061016,0.007493814688716016,0.006267036309532292
2019-09-13,-0.008279177519783909,0.0031042526013589367,-0.0007244143620946941,0.010509365474305588,0.0031789897476890427
2019-09-16,0.008348294532203537,-0.006257223977774062,-0.0031355866640028207,0.0,-0.008918077268592617
2019-09-17,0.0019813102518067005,-0.00013658590069365317,0.0025817523700197853,0.00059264501949019,0.0007986637959178644
2019-09-18,-0.006285306153149484,-0.00086058204080941,0.00034269198975556137,-0.001845769909405326,0.0019254554557379677
2019-09-19,0.004050828215713009,0.005783323187093847,1.997472142156731e-05,0.0038130951902384247,0.00697550566568661
2019-09-20,0.011820485442912032,-0.0015632646610654888,-0.0048955765157830955,0.0015713989792285332,0.00527493300761539
2019-09-23,0.005596383832365381,-0.0025595726201116387,-9.693591923765066e-05,0.0,-0.009637682501854483
2019-09-24,0.005286918308423871,-0.004736516680082126,-0.008416371322106486,0.0008945115102012569,-0.001390999051660624
2019-09-25,-0.018545379403875573,-0.0001919936311955972,0.006158571742003405,-0.0035607956653550543,-0.0053849801866654445
2019-09-26,-0.0002820880237280887,0.008381357703189263,-0.002428916406865711,0.0012756426841644686,0.005451106931637195
2019-09-27,-0.005148429100112373,0.010216171274853636,-0.005316352490240539,-0.007680424466982472,0.003878610783429659
2019-09-30,-0.015525325955691782,-0.0024238506270490845,0.005047606675254723,-0.005624622109789867,0.006647170558039317
2019-10-01,0.005472814807717441,-0.0064658607167917825,-0.012258373372913245,0.005947846258951728,-0.014343933063150405
2019-10-02,0.011673634369571584,-0.03230844000893196,-0.017903202985502964,-0.004872272738752792,-0.029827312273502438
2019-10-03,0.004530648552570016,-0.006303952593015083,0.00797191259701524,-0.020059551696009037,0.0011894784019188531
2019-10-04,0.0,0.010992399063810332,0.014216897585460186,0.0032077508030359247,0.008585503689646279
2019-10-07,-0.008527071931805796,0.005939570195941046,-0.004478294673592398,-0.0016323630804608857,0.00711694037934163
2019-10-08,0.00874259511120079,-0.007599398126311718,-0.015560819201407838,0.0099427747921077,-0.01108537023570988
2019-10-09,0.0009160434363713055,0.003261815999891615,0.0091044925499415,-0.006086704690325462,0.008549999875538505
2019-10-10,-0.008729359144837523,0.002776795136224086,0.006415695380997066,0.004455532832007281,0.009199549560063636
2019-10-11,-0.005539370732339566,0.008446537367438056,0.010938977513132997,0.011455498126169195,0.0217403638813074
2019-10-14,0.003999125640758994,-0.00463635070627999,-0.0013871187334510982,0.0,-0.003826391742199231
2019-10-15,-0.006970593591764218,-0.0002633814852359695,0.009955676641137279,0.0187322468078861,0.011919795645346731
2019-10-16,0.0057302703836425994,-0.0060458285353925945,-0.0019995427986508885,0.011964986738893568,0.00016675633155061043
2019-10-17,0.0014243781997433924,0.001994950430733722,0.0027628315736780706,-0.0009371522235745999,-0.002953360509133862
2019-10-18,-0.0010667370445437419,-0.00441358727612029,-0.003919344949506964,0.0018181261435057383,-0.00256650321777252
2019-10-21,-0.004770136663166058,0.00181802923145713,0.006871616056117524,0.0024995111256682634,0.005774741234776393
2019-10-22,0.002932997222985456,0.006826163057280121,-0.003568666378412577,0.0,0.0013166346668720408
2019-10-23,0.0023537934253772264,0.0066828693674176876,0.0028471487971184484,0.0033917604594944084,0.0005741823945437652
2019-10-24,0.007115918371069618,0.009310343018796186,0.0019204463587332299,0.0055344372224397365,0.004014601232815718
2019-10-25,0.0023316740895991117,-0.0005185110856230635,0.004072700506109195,0.0021630611212428708,0.0009139674614908611
2019-10-28,-0.008600036764796815,0.0009283643508088968,0.005581337868471481,0.0029587519701670395,0.0002786479867666891
2019-10-29,-0.0027730332148816483,-0.0034100365100354635,-0.0008324053147991117,0.004673112720299466,-0.0009928740663986968
2019-10-30,0.005490226541611021,0.0033532705548549036,0.00325337015914573,-0.0057025756296037455,-0.0004969641241511225
2019-10-31,0.009998499224238566,-0.011240233608761363,-0.0030228605633046968,0.0036737505661279535,-0.004386423955478835
2019-11-01,0.000912763389017579,0.00744992008271228,0.009662312168146059,-0.0033266193267297295,0.0053628967282712825
2019-11-04,-0.002876007780098777,0.00921618835845317,0.003704089049704651,0.0,0.011443969714958202
2019-11-05,-0.016180006273117664,0.002496696182492375,-0.001185699214361291,0.01755830159576477,0.003085787366696291
2019-11-06,0.004290245395359271,0.001164047257423917,0.0007024972279667807,0.002229059861223126,0.0033237873418905384
2019-11-07,-0.015521486102876958,0.00131135597971066,0.0027300951851503275,0.0011371526060808268,0.004863433436280262
2019-11-08,-0.006364394703267995,-0.006345863121045792,0.0025606760900243053,0.002638147582226802,-0.0018965838503793853
2019-11-11,-0.002401934875323586,-0.004198698637630671,-0.0019624672514313435,-0.0025662462676292463,-0.0007648923706490285
2019-11-12,0.0026995120660886496,0.005035123469161462,0.0015646460846321375,0.008064941433472361,0.004160300617315649
2019-11-13,0.004002059820052306,-0.0019278935590084645,0.0007115345908383919,-0.008509376781488887,-0.0034211387691727158
2019-11-14,0.004203521155341949,-0.007944334132301112,0.0008370427393644686,-0.007646627787647242,-0.0028895638346397856
2019-11-15,-0.0025259154943226836,0.0013849410276911556,0.007695488006902673,0.006990436067969563,0.0061808682111479385
2019-11-18,0.0029664162029099383,0.0006573132636269463,0.0005031528617669423,0.0048679523605976716,-0.0018025022438367122
2019-11-19,0.0005050304911609071,0.0022031020628523468,-0.0005925944462060739,-0.005300023412384669,-0.0022564221245081617
2019-11-20,0.0005046655432805469,-0.0083699454275451,-0.003756184245747196,-0.006185645502282178,-0.0034302636992928903
2019-11-21,-0.005477043362080103,-0.0032908643502581603,-0.0015827522106851566,-0.0047514914696743515,-0.0011455234256724234
2019-11-22,-0.0018840181654777854,0.012184635957414924,0.0021749356911917594,0.0032250590530338297,0.0020817565842949914
2019-11-25,-0.004791662812458131,0.00948572389756519,0.007507291353015866,0.007784823042819244,0.0055215882819494855
2019-11-26,0.004814733391401704,0.0009194182426786046,0.0021955703874654287,0.0034564212619589973,-0.0005744516386984033
2019-11-27,-0.005299919828770094,0.003606557614924455,0.004174424362754614,0.002757383969770544,0.0019700310971197954
2019-11-28,0.0,-0.0018035347783255107,0.0,-0.001221485952911494,-0.0022543644282282393
2019-11-29,0.006203971517371398,-0.009425044936109739,-0.004011219709926239,-0.00492245617196807,-0.0002429227174919335
2019-12-02,-0.0005078146228696401,-0.00824883926444564,-0.008631020716408422,0.010113795501473177,-0.020769138075331428
2019-12-03,0.00957984896245434,-0.01744466700885694,-0.00663809511563529,-0.006361777901145338,-0.0043207585642861535
2019-12-04,-0.0013658431498282386,0.004148767408337362,0.00632356747139462,-0.010461165954900875,0.01357800199653636
2019-12-05,0.0005758841931267078,-0.007039034243061848,0.0015002511791302187,0.007125901564831283,-0.00324865346509029
2019-12-06,-0.009928092682104261,0.014261938996275925,0.009135724328457329,0.0023309157706774553,0.012118594046339526
2019-12-09,-0.00029060665275248976,-0.0008011786140682542,-0.00316282139344648,0.003267000087727734,-0.005459994412789104
2019-12-10,0.0028347098739491816,-0.002778597703534391,-0.0010969340964486207,-0.0008753373270476983,-0.00010890053080037099
2019-12-11,0.00688553265084435,0.00034655799546512434,0.002908158040315856,-0.0007829957190950143,0.004267663571883684
2019-12-12,-0.003527249493396556,0.007926527009776363,0.008575225775086182,0.001408659796844347,0.005125533020012618
2019-12-13,0.004478873140076667,0.010985069408640857,7.258178414493166e-05,0.02554082823008419,0.006669626465874545
2019-12-16,-7.198680622300113e-05,0.022533820751362343,0.007147785279833618,-0.0029450820731056204,0.01116835682834627
2019-12-17,-0.00021575647831872935,0.0008245277959768593,0.00033529222633799094,0.004749827599605183,-0.007278519327751032
2019-12-18,7.200752478642158e-05,0.002059718602884786,-0.00043230017186479675,-0.00547198542297167,-0.0016767849794275813
2019-12-19,0.002589559770448613,0.0043761936206669905,0.004459292004863613,-0.0029071124331547793,4.544580770260431e-05
2019-12-20,0.0010044438566789715,0.0011487226407957962,0.004944781081796634,-0.0020204925146922736,0.00999958212650598
2019-12-23,0.003081942822633188,0.005420388744642235,0.0008661436002121992,0.00018804152658891127,2.644033566934212e-05
2019-12-24,0.009431992518777577,0.001128088769883684,-0.00019544819997963092,0.0003975760732175537,0.0
2019-12-25,0.0,0.0,0.0,-0.00200208880117847,0.0
2019-12-26,0.007857298625196796,0.0,0.005128166675301138,0.005972819360442694,0.0
2019-12-27,-0.0003511943393945671,0.0016639640871907169,3.398471712534601e-05,-0.003644702637866426,0.001485467993527001
2019-12-30,0.0021077991140190377,-0.007560570501358721,-0.005780822450430323,-0.007597268411499547,-0.008936445217709199
2019-12-31,0.0018929327941459295,-0.005891604794605043,0.0029460216619106028,0.0,0.0
2020-01-02,0.0073478173310379535,0.008206923942671862,0.008378802677341701,0.0,0.0
2020-01-03,0.013268521727000326,0.002380245140399806,-0.007059870562045378,0.0,0.006642749356133848
2020-01-06,0.010489502076611812,-0.006179169062196177,0.0035333728907271933,-0.019096548113639922,-0.005525590389683477
2020-01-07,0.003935150508558971,-0.00018479827595518916,-0.0028032386528962228,0.0159820545400311,0.00179345624639482
2020-01-08,-0.007501524641443713,0.0001320323760405362,0.004902451368978156,-0.015734871572805398,0.003540615440247308
2020-01-09,-0.005651653463197515,0.003062772526581048,0.006655262605488987,0.02306032815701453,0.006181432198972825
2020-01-10,0.006026192495848015,-0.0013424665615614506,-0.002855178689662563,0.0046630910734701825,-0.0016754648401934302
2020-01-13,-0.007419483430124996,0.00391415222851399,0.006976215252569862,0.0,-0.002596658109710215
2020-01-14,-0.0008915435213457945,0.0006300940750325612,-0.001514532772802224,0.007320563285796666,-0.0012699617202881486
2020-01-15,0.005834242779070742,0.0026763096406785536,0.0018701968845122874,-0.004519836658933629,-0.0015682411252220252
2020-01-16,-0.0015695082440052577,-0.004317789402224048,0.00836655302646827,0.0006920212336352094,0.0013743663223571012
2020-01-17,0.0018454259925253513,0.008515374205880555,0.003862162248501333,0.004517959095504009,0.009040501454277594
2020-01-20,0.0,-0.0030229842620184133,0.0,0.001757395428188424,-0.00242367392065701
2020-01-21,0.0010915790702048511,-0.005319249751772004,-0.0026519776473655776,-0.00909125043985537,-0.002608537451126436
2020-01-22,0.0003406555206315609,-0.005098123953515832,0.0002890760711180551,0.006988985285205196,-0.005101468817871102
2020-01-23,0.002248122121045526,-0.008478678780655557,0.0011409766124783616,-0.009816766851827863,-0.00873787162280315
2020-01-24,0.005845572586286041,0.010429266306662965,-0.009042160974207403,0.0013338788904289078,0.011322320496522265
2020-01-27,0.006825312844883635,-0.02292379413969814,-0.015730711659182384,-0.020299083996447087,-0.026810144734573438
2020-01-28,-0.008926785569624784,0.009255149924100703,0.010053584595046017,-0.005474704935467423,0.011251137032505687
2020-01-29,0.005417872354848807,0.00038765119147088356,-0.0008668741908683941,0.007050805102013724,0.004608529975039355
2020-01-30,6.732120695107646e-05,-0.013576366498801784,0.003134358792605374,-0.017179670304378725,-0.012199059195193818
2020-01-31,0.005792420039608892,-0.013004605797886759,-0.01770582037552626,0.009897822349882013,-0.013512080587745223
2020-02-03,-0.006495688802043542,0.0055311288344084275,0.007254613892351713,-0.010051214320078716,0.005592038230377128
2020-02-04,-0.01300895070524588,0.015492131502369055,0.014980414164082134,0.004903825854794208,0.01939491198049259
2020-02-05,0.0012293105482077404,0.00573942799987659,0.01125059589785371,0.010178682173494158,0.01220703115417976
2020-02-06,0.005388399719282511,0.00298026123454731,0.003325672876785646,0.023758136254812268,0.007326919879258265
2020-02-07,0.002645857569860688,-0.005076698961536952,-0.005400853672730133,-0.0019104531534012148,-0.001847324218712365
2020-02-10,0.0025712490701368385,-0.0026518130433548226,0.007326397804890528,-0.005959380409356618,-0.0013979393410017416
2020-02-11,-0.0034419552752806837,0.0070499134792287865,0.0016884725532351208,0.0,0.008610231214598363
2020-02-12,-0.0008127480224853212,0.00466704009064256,0.006462646466197652,0.007398066927446267,0.007472827690966799
2020-02-13,0.00569345014846645,-0.010936491746093457,-0.0016304457368023773,-0.0014031336815929496,-0.001995091762629797
2020-02-14,0.004178427664004669,-0.005756830695618609,0.0018435333204338544,-0.005881408856113879,-0.0014999764855171405
2020-02-17,0.0,0.0032662140762418357,0.0,-0.006938215768640732,0.0032023288184868104
2020-02-18,0.012818816524224008,-0.00690135014534865,-0.002919942636890105,-0.014004850090489795,-0.004341761772196029
2020-02-19,0.005831221275388376,0.010159848279599037,0.004705785881164548,0.008920419704012472,0.00746503158745182
2020-02-20,0.004084659090851872,-0.0027356714957422756,-0.00381551976362815,0.003352514005741325,-0.010917978442975818
2020-02-21,0.015025216397275942,-0.004397196956013039,-0.01051810302712286,-0.003935839019409304,-0.0059116442596381935
2020-02-24,0.008985128746405113,-0.03337431636238475,-0.03351362667122315,0.0,-0.04010122857269871
2020-02-25,-0.017874260693127697,-0.019408102243236525,-0.030279995565056117,-0.03340910577082312,-0.020688153747331572
2020-02-26,0.004370503298157802,0.0035053360689905055,-0.0037785406053220116,-0.007928221690569393,0.0014471399270730156
2020-02-27,0.00019483522153040944,-0.03494499079250979,-0.04416324258407911,-0.02131253663820265,-0.034033231617169646
2020-02-28,-0.03649347478693177,-0.03175207577368733,-0.008238340444361891,-0.03668949678638311,-0.03658358251890015
2020-03-02,0.005526297603759334,0.011290733912544315,0.046039229006110016,0.00951234508825527,0.0028052608411559543
2020-03-03,0.031434333360162325,0.009511832468953596,-0.028107896121075893,-0.01224459468004202,0.009925600226033504
2020-03-04,0.0017545277375516921,0.014497916035861591,0.04220259077449118,0.000822003494788559,0.014410000181731553
2020-03-05,0.021600945458936538,-0.01616881767320766,-0.033922077046888544,0.01085582637268434,-0.016658085077499107
2020-03-06,0.00038096105467699815,-0.03620959349533104,-0.01705385200037013,-0.02716329431164788,-0.03909822472219371
2020-03-09,0.0016502348575044845,-0.07687312930733892,-0.07596969747745097,-0.05065074202701236,-0.08446599059610638
2020-03-10,-0.02110133630677158,-0.0009386183845123686,0.04939630628156144,0.008546699234019517,-0.01657617011256518
2020-03-11,-0.0035603512879937016,-0.014043185223598265,-0.048868445131273974,-0.02270377454110395,-0.00153262208079874
2020-03-12,-0.0398882588306293,-0.10873819450353106,-0.09511268097833658,-0.04410934367619912,-0.12401398383050277
2020-03-13,-0.03051623730778741,0.024553717929594265,0.09287124972971839,-0.06080832569764838,0.016026072054591944
2020-03-16,-0.011446115323986206,-0.04006634167966894,-0.11984055240393443,-0.024611925243857025,-0.05245508593098147
2020-03-17,0.0135554799295321,0.027916328931936185,0.05995484974402432,0.0005581821298088485,0.032701134514516506
2020-03-18,-0.019921988429849713,-0.04047287175204983,-0.051830762729157875,-0.016752080935918623,-0.057174444434153315
2020-03-19,-0.018905499074657994,0.0139747271257884,0.0047078080405855705,-0.010385925071876523,0.028610711541446898
2020-03-20,0.014995707221804766,0.007609229421570163,-0.04335951230846191,0.0,0.03847467029158236
2020-03-23,0.044179590424960224,-0.03793247856832038,-0.02929386782180443,0.020235163242124043,-0.02470471294388854
2020-03-24,0.048530353360380474,0.0905304684709578,0.09382773976227554,0.07132792839866764,0.09236224914967162
2020-03-25,-0.01368964099270864,0.044473043575560034,0.011535011448221999,0.08038100530880898,0.03131725115818229
2020-03-26,0.012822223412266576,0.022414822900408637,0.062414163303876835,-0.045124464484218696,0.01701348452090623
2020-03-27,-0.006460489804721581,-0.05251309049100483,-0.033687352562252526,0.03883448310141757,-0.041832629531621035
2020-03-30,0.004400644787818209,0.009691013650395819,0.03351600948370015,-0.015702317669058607,0.01354890373147355
2020-03-31,-0.03184668568859872,0.019465427842201954,-0.016012721914555605,-0.008800691398100913,0.00769439917796455
2020-04-01,0.009456223354449733,-0.038328614658630134,-0.04414243033166543,-0.04501766504992144,-0.03825033451182647
2020-04-02,0.0163934225377782,0.004693304219909766,0.02282934723487151,-0.013655347484023417,0.0030556061847741844
2020-04-03,0.0049374590529023266,-0.011806173680998233,-0.015137125124949469,8.242735404362378e-05,-0.009484878163067645
2020-04-06,0.027710521817620126,0.030818927586326206,0.07033131865275055,0.04243003869930262,0.04993634259100088
2020-04-07,-0.005354484768834378,0.021872330859884714,-0.0016030527844311804,0.020126660881125247,0.022067458455699684
2020-04-08,-0.008907968786563414,-0.004698011164431581,0.03405645287963033,0.021269484169633923,-0.0022395526840800484
2020-04-09,0.026123560972308058,0.029061062459096343,0.014487410153376512,-0.0003860182085545505,0.014561938801599617
2020-04-10,0.0,0.0,0.0,0.007894773506077923,0.0
2020-04-13,0.017140343933811808,0.0,-0.010104660822607414,-0.023340236909249468,0.0
2020-04-14,0.007868093580683189,-0.008797369179790793,0.030572589146256046,0.03126595797161924,0.008624874544977734
2020-04-15,-0.005101958505246418,-0.03342938820371544,-0.022030438529415775,-0.004517621009339501,-0.03754276920806121
2020-04-16,-0.0008649946516461338,0.005484342847971391,0.005816689462164515,-0.013293577015610736,0.0014778671592252657
2020-04-17,-0.019417471147623044,0.028178541043291316,0.026793594848223412,0.031469895151986726,0.027005866458507333
2020-04-20,0.007126124562213176,0.004458234782702686,-0.01788104803401469,-0.011465931876415536,0.007339940731045713
2020-04-21,-0.006825274631933054,-0.02955543119667714,-0.030674795694063395,-0.019743631678345697,-0.04061175875902212
2020-04-22,0.019670860003665247,0.022974667196640652,0.022930247703843776,-0.007407899645848315,0.015605341191528677
2020-04-23,0.00995486708021609,0.00970436333350233,-0.0005394221197431159,0.015231006783601453,0.006194242900510183
2020-04-24,-0.004285520778353313,-0.012769007842785896,0.013918057304545428,-0.008617822121372076,-0.015211394085217655
2020-04-27,-0.006640444141094992,0.01644581310853721,0.014714069804799612,0.027059531882722476,0.025994374563215183
2020-04-28,-0.004456556273727319,0.019104501444182853,-0.005242380698498916,-0.0006081542626726888,0.01733810157880855
2020-04-29,0.005533445721913166,0.026315315043635046,0.026583916282167053,0.0,0.02183448437340485
2020-04-30,-0.018116569301821484,-0.03501048455725564,-0.009212446303987654,0.021369478098507644,-0.022746436913336665
2020-05-01,0.00617125761149806,-0.023402035702152046,-0.028059034078492195,-0.028441550766797552,0.0
2020-05-04,0.003504803873276119,-0.0016137656488965924,0.004249827591976452,0.0,-0.03806441881258593
2020-05-05,0.004241037483481591,0.016615124074766507,0.009040556385797371,0.0,0.021100782555796505
2020-05-06,-0.012855591040204617,0.0007521972197501725,-0.006979410390386298,0.0,-0.011179036661885244
2020-05-07,0.015350754880484763,0.014042194481382442,0.011504630788313985,0.002824758362454549,0.012954710581805085
2020-05-08,-0.006010293229887331,0.0,0.016871538638701944,0.025632844730352433,0.009550096796847374
2020-05-11,-0.006233636774804485,0.0006233482669306678,0.00013307822091168653,0.010484631077923856,-0.00837661110550969
2020-05-12,0.0038890673962401756,0.009276496719225591,-0.020500317528877154,-0.0011858217102690416,0.00015602988188123668
2020-05-13,0.00962264814750724,-0.015129730764375071,-0.01746272460422804,-0.00488202601586285,-0.02553564371077166
2020-05-14,0.008850059782004704,-0.02754020002486024,0.01152482269503552,-0.01738148723152666,-0.017903992985414452
2020-05-15,0.0056438144895878395,0.010154106886266723,0.0039263632504382695,0.006160821790741844,0.0037931515769373814
2020-05-18,-0.007564144999551381,0.04289808292480468,0.03150119163168075,0.0048039878411394454,0.0509546086290984
2020-05-19,0.00965020617044443,-0.007671180371426667,-0.010484399194493177,0.014886399242564519,-0.0031937459860184036
2020-05-20,0.0023742810342795018,0.010829362214669569,0.01665110025908012,0.007913552437667892,0.013715319950394322
2020-05-21,-0.0145763375976391,-0.008554257145676147,-0.007773596407737116,-0.0020800937569021016,0.0
2020-05-22,0.005916836449104457,-0.003657340567274181,0.002353711326488428,-0.007986955542084284,-0.01254759675735928
2020-05-25,0.0,0.0,0.0,0.017338015380786498,0.022674516555812874
2020-05-26,-0.014214859559966153,0.012430547849739071,0.012289184036080147,0.02552928630449469,0.009379531906677174
2020-05-27,0.0018024320171106112,0.012607535261941694,0.014827297215913804,0.006960620756582658,0.017291198354389747
2020-05-28,0.003350344766475555,0.012125059383196746,-0.0021079145460738413,0.02320718659105081,0.014221158234820841
2020-05-29,0.0073584122707384125,-0.02286610141784351,0.004812335824971425,-0.0017530287222763397,-0.014306171961717573
2020-06-01,0.004603768848692402,0.014777968476506365,0.003751234813537785,0.008433171330931355,0.0
2020-06-02,-0.0064768271714218395,0.008708516502812236,0.008210832780053412,0.011930654047151767,0.03567637207441665
2020-06-03,-0.01845018380928054,0.02609279627970218,0.013648979133831007,0.012906720071330646,0.03500138260465402
2020-06-04,0.010526269495827023,-0.006423915866654473,-0.0033687022311144066,0.0036252471769253614,-0.002422372775400361
2020-06-05,-0.02027532426346157,0.022534441061024202,0.026211650818398713,0.0074018398448427725,0.03759427536340354
2020-06-08,0.010822142733466267,-0.0018043130921849837,0.012041579421169235,0.013749687132407207,-0.005318693076609482
2020-06-09,0.00964183116931494,-0.021150681376611247,-0.007799170822611612,-0.003756576853469973,-0.0135401517979995
2020-06-10,0.014324773012967418,-0.001041731371874799,-0.0053130910724373814,0.0014689653474906361,-0.008130791402323312
2020-06-11,-0.007214084989501601,-0.03987927168938554,-0.05894405927443824,-0.02819634570143481,-0.04528021421038386
2020-06-12,0.0014163170663434865,0.004690045433208168,0.013060843963234703,-0.0074502895413141035,0.0029161130697221704
2020-06-15,-0.0017832572551969017,-0.006633689101807949,0.008312217041285264,-0.03472380929364505,-0.00549826172871537
2020-06-16,-0.0004928345355281749,0.029366597463903688,0.01896239819380252,0.048825609501438993,0.03387641987891987
2020-06-17,0.0019106166939522051,0.0016819376447272383,-0.0036002995561740248,-0.005599592184528546,0.0075895049305467754
2020-06-18,-0.001968455156468263,-0.004669487781372883,0.0005942198825281686,-0.004466507888035709,-0.005313353504155405
2020-06-19,0.011032995719469696,0.011005607063709455,-0.005649494809462974,0.005516688980146345,0.005907934363964085
2020-06-22,0.006462217682632332,-0.0076280073824933625,0.006495095537691675,-0.0018470537329461356,-0.00838461822250458
2020-06-23,0.008419646377624934,0.012090445956393081,0.004307419569164139,0.0049819453229063,0.01762665083692805
2020-06-24,-0.0034839130582626776,-0.03107544173494703,-0.025855145939064572,-0.0006532633631854967,-0.031135268718017306
2020-06-25,-0.0006027175913517757,0.00382120312840617,0.010959447267809841,-0.012182805879781267,0.0071304563302612145
2020-06-26,0.004463149702982783,0.0019846280095392466,-0.024226905044785974,0.011333935596452793,-0.004579186941182756
2020-06-29,0.0005404803669293301,0.010796681783437512,0.014685678433118632,-0.022967269742763974,0.008691829189867883
2020-06-30,0.004440918278166173,-0.009010827706467772,0.015409875731554612,0.013325803226224675,0.0006342933570140374
2020-07-01,-0.004481089931769877,-0.0018963960876720032,0.005022132820864389,-0.007466309507368374,-0.0017377846084674076
2020-07-02,0.0021606086958432247,0.013380951988267276,0.004541250844364075,0.0010953242913898098,0.02838518115651323
2020-07-03,0.0,-0.013316469930883645,0.0,0.0072482531556439245,-0.00774382754609515
2020-07-06,0.005988741319838731,0.020885794379924105,0.01588172586745884,0.01828881005887628,0.016892449706457313
2020-07-07,0.006310260659329048,-0.015272276283656017,-0.010818532028197159,-0.004391479710773916,-0.008498422537752681
2020-07-08,0.006211565862881185,-0.0054443056532287315,0.007827461915415501,-0.007784279455390619,-0.010678708220661193
2020-07-09,-0.0027044004055614135,-0.017315891990877463,-0.005643606159361103,0.004039399442351099,-0.007583530989444531
2020-07-10,-0.0025938951172596036,0.007570716071834793,0.01046620127324438,-0.010585265916000286,0.010747691677461813
2020-07-13,0.0012411575864292868,0.013255946166498722,-0.009362541127788226,0.022158444461287008,0.01631566757524472
2020-07-14,0.004663568910189042,0.0005828194134205322,0.013406370782667931,-0.008678197193211279,-0.008540330573694077
2020-07-15,0.0008813320073604025,0.018269263437848293,0.009082050740923053,0.015871522529758764,0.01710731657440867
2020-07-16,-0.009451688651900159,-0.00667440028865296,-0.0034061012455366413,-0.00763289642849363,-0.003806709301656719
2020-07-17,0.008238009985450212,0.006335227756515405,0.002848612194617406,-0.0032471798932686147,7.428647621954276e-05
2020-07-20,0.004820170160796611,-0.004578447066392322,0.0084069387471426,0.0009279237407262553,0.006756593051625792
2020-07-21,0.012050997596656066,0.0013096215463546113,0.0016790373419135474,0.007339732705146096,0.005020160115100536
2020-07-22,0.015202340363078104,-0.009984544030199771,0.005747082068739751,-0.005794880666698421,-0.010157571732325454
2020-07-23,0.008825301770064575,0.0006927235939249154,-0.012319859824193036,0.0,0.00029072982529476654
2020-07-24,0.008578870839228259,-0.014103116694063722,-0.006190400054688405,0.0,-0.018047090769896634
2020-07-27,0.019753770786684832,-0.0030863031037172695,0.007395138795039502,-0.0015717466415493542,-0.002431311504965783
2020-07-28,0.008341131032750582,0.003996773531762976,-0.006473392152297919,-0.002573918695775723,0.00021798533503480932
2020-07-29,0.0075102306547618625,0.000358963565596504,0.01242838167815008,-0.011487271454295511,-0.0010292370727542632
2020-07-30,-0.007400261112961215,-0.023077550354725584,-0.003750251937389204,-0.0025842132250604166,-0.02786530452662872
2020-07-31,0.009087931099623692,-0.015392353140651127,0.007670504990141325,-0.02816706106462441,-0.010560402508616895
2020-08-03,0.0011325390830079218,0.022906863937442346,0.00718102343932614,0.022357478552510468,0.023299465505923544
2020-08-04,0.021277725496817057,0.0005138652565817026,0.0036119303819721615,0.017043154126153315,0.0018502129469810669
2020-08-05,0.009283241730160707,0.011381742099486392,0.006429743053199433,-0.0026052729804526553,0.004329621386192972
2020-08-06,0.01327406953286836,-0.012744326581097143,0.00642769555966427,-0.004294908490516169,-0.008563873000677402
2020-08-07,-0.01588530528005727,0.0008794393559927727,0.0006330295486443038,-0.003934799970692016,0.003783498335711233
2020-08-10,-0.003458957447482147,0.003050280452901344,0.002742218294476073,0.0,0.0021705559484477277
2020-08-11,-0.05369440853432983,0.01713874745604471,-0.007969132154236114,0.018822298292939577,0.02221368070095875
2020-08-12,-0.004668202325739945,0.020441040729431537,0.013996549490237653,0.004119547844747107,0.009321336974893013
2020-08-13,0.023618065792215592,-0.015047530856278524,-0.002047174350497949,0.017757359969658326,-0.0060448249566170675
2020-08-14,-0.0043092158240957135,-0.01545526644900197,-0.00017188262276812694,0.0017097061442563621,-0.011307730745876876
2020-08-17,0.02169391289315903,0.006141199071223236,0.0027098425110787527,-0.008270273642939086,0.00024206859693665095
2020-08-18,0.009008003623491856,-0.008290597234900443,0.002303389154016955,-0.0019773310909543262,-0.004903490660274512
2020-08-19,-0.0315654554884125,0.005825610008037829,-0.0044043954214108005,0.002582494905802424,0.008505558517970968
2020-08-20,0.006913929262821306,-0.016148592165003306,0.0031586327691348615,-0.009951716574976732,-0.013154048738933333
2020-08-21,-0.008010905834894388,-0.0018957814700779618,0.0034411070444764214,0.0017342905094095418,-0.00434638591367098
2020-08-24,-0.005658401286623649,0.017127958586681258,0.010043718303008653,0.0028450317906971723,0.022084512687897906
2020-08-25,0.0012154763574758753,-0.011089847682361764,0.0035963511532906,0.013541564611740275,-0.0006093000362649148
2020-08-26,0.011808847672626355,0.0014245647931505623,0.010195626139483993,-0.000253689947959157,0.008123845363549043
2020-08-27,-0.011561927956646123,-0.007542691696383996,0.0016730440109038458,-0.00352069447845349,-0.0076621416569249146
2020-08-28,0.017380235053033877,-0.006066650390625039,0.00673256535528588,-0.014055364768437717,-0.0046532013479977374
2020-08-31,0.002386259791001155,0.0,-0.0021949627140287475,0.011235996294613582,-0.012978286731546218
2020-09-01,0.0011902895553947967,-0.017019920574468217,0.007525003016613407,-7.30108325286416e-05,0.001549290405299164
2020-09-02,-0.013131628719242117,0.013459323626236808,0.015365910154807594,0.004714311809575156,0.018364140607262547
2020-09-03,-0.00810423703378893,-0.015165813441550213,-0.03512584371534122,0.009393792468347817,-0.010051635862208586
2020-09-04,0.0027602959130217375,-0.008853305568729652,-0.008133027264274895,-0.011084327401455152,-0.013204291239489074
2020-09-07,0.0,0.02384849413849488,0.0,-0.004976441733901882,0.016401933094063903
2020-09-08,-0.0019269219593246456,-0.0011958260809495913,-0.027756342102360998,0.007976701848934287,-0.01409141937514724
2020-09-09,0.00970825655471863,0.013911606953629807,0.02014498633677464,-0.010380271484023429,0.017585996956769767
2020-09-10,-0.0032231430104036063,-0.001579962797463197,-0.01758479659017942,0.008810650014500654,-0.0036272706605658955
2020-09-11,-5.486005292487661e-05,0.004797410408565961,0.0005330721905940639,0.0073602783190873655,0.000917672837105199
2020-09-14,0.007892586821005798,-0.0009615710738957173,0.012741829089357504,0.0065285544883009194,0.0002955478303741099
2020-09-15,-0.0023927480714920346,0.013142425348784403,0.005219359577689042,-0.004431801996988671,0.004664139279523916
2020-09-16,0.0028345831622316187,-0.004422242240602725,-0.004618946596211537,0.000879930424958042,0.0019746592720004674
2020-09-17,-0.005489995652194879,-0.004705124233980396,-0.008412365876402483,-0.006652039844349256,-0.006669986865204924
2020-09-18,0.0013117087099276947,-0.007074464929728741,-0.011182581807410497,0.001755263634198867,-0.009913894859875483
2020-09-21,-0.020087296599797022,-0.03376009882836395,-0.011571097930805796,0.0,-0.037378678384540565
2020-09-22,-0.004846314367596194,0.004341642602980089,0.010517945160813724,0.0,0.0010060050585256608
2020-09-23,-0.021606497297661065,0.011973549135860795,-0.023721455093028143,-0.0005911973053910335,0.005050432567948349
2020-09-24,0.003718800733685912,-0.012967640657830959,0.0029874591429570607,-0.01107960636816141,-0.006436951599875673
2020-09-25,-0.0028499771605223767,0.0034176669802350457,0.0159767237756141,0.005058893673984599,-0.007146331465624933
2020-09-28,0.01006056066236427,0.014582248649281038,0.016110590199083896,0.013230124491141693,0.027455605313182696
2020-09-29,0.008432402483858015,-0.005128275248327041,-0.0048126645432444715,0.0011688037555235287,-0.0027581038473477593
2020-09-30,-0.006004867330144381,-0.0053242733944468545,0.008253718228220741,-0.015037978283970466,-0.006436841953753825
2020-10-01,0.008920516455577454,0.0022842948672328056,0.005292907769290922,0.0,0.0001502940097899419
2020-10-02,-0.0008953758525005462,0.003843880883791062,-0.009577652178616392,-0.006694757488997616,-0.0009893760548522756
2020-10-05,0.004872915921881216,0.006912760544963037,0.01797270867614209,0.012255382332869047,0.009179154569351589
2020-10-06,-0.011760774579356315,0.0011778761404410698,-0.013973515692226712,0.005215730537400987,0.004061858582332878
2020-10-07,-0.0004512229536247636,-0.0006050686087730739,0.01739675486921799,-0.0004655748799599069,4.017035553105508e-05
2020-10-08,0.0035549310375408982,0.005331079217955059,0.008010123642494982,0.009573996513149385,0.0069060034072456755
2020-10-09,0.018161347296547614,0.006473769707678212,0.00879353312061526,-0.001157896475679987,0.005332121338736062
2020-10-12,-0.002871682500567352,-0.002542970809925049,0.01641581296364758,-0.002582591109889898,0.007637972058746723
2020-10-13,-0.015728823528417535,-0.005282052112352997,-0.006306918994084421,0.0018290424786038262,-0.005739686581637593
2020-10-14,0.003094772946095059,-0.005795952313219721,-0.006623141753502759,0.0010571733410922324,-0.001802247571801363
2020-10-15,0.003646120384284801,-0.01728700375192771,-0.0015277553060997207,-0.005057830585491141,-0.024620590713082535
2020-10-16,-0.0034652086045857677,0.014933578680883075,0.00013491955745537076,-0.00410935731044193,0.01653152365732935
2020-10-19,0.0005047466985432791,-0.0058956520318944605,-0.016329861778318078,0.011127423330229425,-0.0009120284471030304
2020-10-20,0.0048209014703402,0.0007646948613599935,0.004727334073110212,-0.004397415463307852,-0.004514987628113198
2020-10-21,0.007531414803434222,-0.019136757382132052,-0.0021956999281005363,0.0030730154436429125,-0.014613402740233261
2020-10-22,-0.009800687777642647,0.0015926937267376484,0.005218925396392127,-0.006987951488688582,-0.0029207530433913442
2020-10-23,-0.001062475196895396,0.012893791046317826,0.003445761353703114,0.0018028383138253279,0.008655517915765909
2020-10-26,-0.0005037860400700644,-0.011654660506083436,-0.018589516294535646,-0.0009461405819395363,-0.02926358273832741
2020-10-27,0.0026323226696718383,-0.01087707182320441,-0.0030256189119989285,-0.0003634519018959059,-0.011158490409387323
2020-10-28,-0.01614344386479838,-0.0255193219257287,-0.035287878760604796,-0.002865178677608604,-0.03486616791143449
2020-10-29,-0.004144728133141373,-0.0001791215940002422,0.011947330894238384,-0.003696661886960606,-0.001184397618847588
2020-10-30,0.004561020978312902,-0.0008061915793219354,-0.012129550130175693,-0.015206991020306204,-0.0006148817212531243
2020-11-02,0.009704919089013941,0.01393150772479479,0.01231820260127181,0.013855063598817718,0.020732158614449325
2020-11-03,0.005676996717700833,0.023306773596374786,0.01779929009643455,0.0,0.02622251422942168
2020-11-04,-0.0005588578456844351,0.01667588360700356,0.02204704770168342,0.017159980904289496,0.020121243044140646
2020-11-05,0.022983923404670703,0.003892439852674956,0.01946019413896294,0.01730512090463887,0.01723783056243855
2020-11-06,0.0014213621387162423,0.0006433585997500657,-0.00028771518741854685,0.009124605824563758,-0.003579472799727035
2020-11-09,-0.04427097823171633,0.046751235987732676,0.01169988923568721,0.021155375101629792,0.06362568005322244
2020-11-10,0.0033127817282887495,0.01787823111522102,-0.0013997945931910616,0.002646957484975232,0.010185188568156978
2020-11-11,-0.004326595410341194,0.013530498599920282,0.007651855318760337,0.01782771532055971,0.00716893842495403
2020-11-12,0.006060679556170845,-0.006768962355881092,-0.009978532303877019,0.006756763524448539,-0.011276813977914912
2020-11-13,0.006819714153532219,-0.0035495117996232617,0.013610335409063534,-0.005290245250308634,0.0011289064939683513
2020-11-16,-5.650127239831271e-05,0.0166075460650974,0.011648051240012336,0.020525613836130052,0.009947318061150456
2020-11-17,-0.0036691725592956637,-0.00872097576866293,-0.004791925698091615,0.004156781773216434,0.0006548996041302324
2020-11-18,-0.005722348480656891,0.0031263870101365665,-0.011563829610944043,-0.011012212559269319,0.003946957019599129
2020-11-19,-0.0018804594035273237,-0.007955943653269237,0.003946442467421596,-0.003645843771502677,-0.008672739082075998
2020-11-20,0.0030257979459697992,0.0026995607981623593,-0.006792562915180156,-0.004172945501113801,0.004527886130464065
2020-11-23,-0.0196938167555728,-0.0027867740395969287,0.005635930617216234,0.0,-0.0013150474291520053
2020-11-24,-0.015328336846880064,0.015535759521823955,0.016161668273416252,0.025001428843261397,0.012977020450048338
2020-11-25,-0.0004717367343725076,-0.0063897416759823855,-0.001584418237524976,0.0050168764409244115,0.0011174299445335656
2020-11-26,0.0,-0.004412416466899272,0.0,0.009143722010529931,-0.0002733451875605031
2020-11-27,-0.010146901518740647,0.000738687608580646,0.002396979198154181,0.004047146768520138,0.004799312417033574
2020-11-30,-0.006674981596057172,-0.015924351527834224,-0.004595548640170977,-0.007922465264125211,-0.009992091255342284
2020-12-01,0.0210595460814611,0.018910982143316435,0.011271187194776155,0.013389007384579932,0.009362799225246077
2020-12-02,0.00752153069206285,0.012326296399794767,0.0017911667548251575,0.0005017783163521194,-0.0011119588697107163
2020-12-03,0.007873502810363364,0.004161881169381987,-0.000624157213091503,0.0003129986936403206,-0.0011984058879064285
2020-12-04,-0.002835427586930339,0.009229217821607794,0.008836275129611826,-0.0021682310368845714,0.006303466281717185
2020-12-07,0.014914066598165077,0.0007938241391416412,-0.0019356376714373402,-0.007618367577145735,-0.002596564081162489
2020-12-08,0.003487910186290799,0.0005186414855535837,0.002787148065356293,-0.003027010388022222,-0.0011925964409669199
2020-12-09,-0.017094017094017144,0.0008385680557088104,-0.007949201604598555,0.0132564443816372,0.000893368796653915
2020-12-10,-0.001913054093070632,0.005408040622192356,-0.0012851080682624305,-0.0023006696266819615,-0.0019013666401335172
2020-12-11,0.0018586706605219216,-0.008030546617846968,-0.0012649972997506032,-0.0038765051523100835,-0.01035399215186783
2020-12-14,-0.005507636250083436,-0.0022911957670158634,-0.004359258971957769,0.0029985878738891802,0.0051981366299105325
2020-12-15,0.013990959829817351,-0.0028322974606055373,0.012921249154708825,-0.0016683703503080904,0.0050057761098980524
2020-12-16,0.005519095329445722,0.00884345867432601,0.0017727951669590514,0.0026064510009899955,0.006105352832599831
2020-12-17,0.010520363984510617,-0.0030132561721778472,0.005757654753379748,0.0018413422279714986,0.005043781311741435
2020-12-18,-0.0016974258370123785,-0.0033429350822444803,-0.0035111185091528663,-0.0016144973247752548,-0.00424899714260718
2020-12-21,-0.003173869592184575,-0.01729161110821109,-0.0039062790518439305,-0.0018297645395967121,-0.027373710103129834
2020-12-22,-0.007903112071065643,0.0,-0.002073092860288006,-0.010407461501619086,0.01415325851086724
2020-12-23,0.00664787877129025,0.012390318784966992,0.000745811250824957,0.0033438164367416423,0.011942856061884166
2020-12-24,0.003985267471422693,0.0009699025767702096,0.0035365890047962534,0.0054123162501587,0.0
2020-12-25,0.0,0.0,0.0,-0.00044023100592893716,0.0
2020-12-28,-0.003629142996869339,0.0,0.008722529021144565,0.007406040246819678,0.010213971916164466
2020-12-29,0.003642361648136694,0.015471939241986199,-0.00222738052560012,0.0265926980958906,0.001666999092310606
2020-12-30,0.007655178894261816,-0.007103213721303958,0.0013415471654707467,-0.004497235650316345,-0.002730806640156902
2020-12-31,0.003714145601823482,-0.014536716728195231,0.006438845522919845,0.0,0.0
2021-01-04,0.022258360658879317,0.017243232310773182,-0.014754827521051062,-0.006769709669809054,-0.0020159635163374823
2021-01-05,0.0029616260665272787,0.006147370310576772,0.007082595157549276,-0.003659424986194426,-0.0046402877968863
2021-01-06,-0.01624105266038789,0.03472318322491752,0.005709842747752214,-0.003781170221051511,0.017822055252706637
2021-01-07,-0.00233462025122122,0.0022070035913674957,0.014847403800101189,0.016047914617869585,0.0031402914099563084
2021-01-08,-0.03420993723985433,0.002377104373268102,0.005491862685268911,0.023604778049963526,0.006247240088446571
2021-01-11,-0.0019614419353504164,-0.010882662885807415,-0.006554750898592476,0.0,-0.006702221180331702
2021-01-12,0.006473960214956609,-0.006530838029528585,0.0004157884466327033,0.0008994818765055701,-0.0023449669117994176
2021-01-13,-0.004307374345463466,-0.0012733151022198408,0.0022756417379066196,0.010376596846272346,0.001212616128220212
2021-01-14,-0.0005190998467168306,0.008375954339930214,-0.0037534511943366766,0.00849258197141567,0.006874060172582297
2021-01-15,-0.012407628760563338,-0.009747104482137559,-0.007190027975370938,-0.006240102347233711,-0.011484706858547966
2021-01-18,0.0,-0.002226939971354258,0.0,-0.009711666079981862,0.000866739732620303
2021-01-19,0.00847307255811236,-0.001145743016162326,0.008136379515524483,0.013853377161789249,-0.0020123964052267684
2021-01-20,0.016282289539807593,0.0040816181057277134,0.013935625421946263,-0.003848685009316344,0.007960159817041568
2021-01-21,-0.0006271772092728556,-0.0037089787493628235,0.0003167233075522802,0.008189793568283754,-0.00157005478552108
2021-01-22,-0.007873145210082533,-0.003022873541814741,-0.0030106116552376383,-0.0043610519012040605,-0.004405374028676801
2021-01-25,0.0008626173693986328,-0.008394227792378195,0.0036158389430824833,0.006665392390442504,-0.013676960904873914
2021-01-26,-0.0024705999829396363,0.002274487923958457,-0.0014888337468982327,-0.00957971708635863,0.011170453949696846
2021-01-27,-0.006335623059913753,-0.013014742659490541,-0.025677883699462,0.0031188499117793533,-0.015711902340218575
2021-01-28,0.0009273614616172043,-0.006273366574882533,0.009760625975629766,-0.015288555638040657,0.0058421767272267555
2021-01-29,-0.0004053281700162614,-0.01818825530325552,-0.019311475173124593,-0.0189389418732141,-0.021253653831845853
2021-02-01,0.009385291185094458,0.009192337470737444,0.016051767614439383,0.015459426577431712,0.014192448263244062
2021-02-02,-0.012167796413785958,0.0077787167092029375,0.013898223484416938,0.009651441761159285,0.016882581144075814
2021-02-03,-0.0015106298641213156,-0.001365781815680589,0.0010087690809532646,0.01002497618864151,0.005372581583520386
2021-02-04,-0.021530474690833024,-0.000629953209692613,0.010853322230420792,-0.010631343488733402,0.008967412476625913
2021-02-05,0.009872160109213546,-0.0022141842631950848,0.003897495164625342,0.01542731697810451,0.003747790271752649
2021-02-08,0.010070118005137685,0.005270244300902283,0.007399348360373592,0.021171914791673796,0.002664278710733603
2021-02-09,0.0032649110578624185,0.0012416797204337637,-0.0011135249921484514,0.003995770029092904,-0.0011949570295689549
2021-02-10,0.0036611162023989507,-0.0011023631583145788,-0.00034518493235935477,0.001931815082720334,-0.003485198841183368
2021-02-11,-0.008685078696598514,0.0006591093484635824,0.0016624551635393559,0.0,0.006389103546077246
2021-02-12,-0.0030372306060941767,0.009358617725909513,0.0047110331133788375,-0.0014497675113073205,0.00651750049753308
2021-02-15,0.0,0.025236015948535417,0.0,0.019108358217092336,0.010442076579588289
2021-02-16,-0.014353488272303538,-0.001065732480043935,-0.0005692724183511411,0.012750887241094855,-0.0020888139173365072
2021-02-17,-0.011352850687983307,-0.005630547281758269,-0.0003204020092266724,-0.005762176297068211,-0.007124786760218993
2021-02-18,-6.0088418961767864e-05,-0.013962316290625276,-0.004415835627354592,-0.0018519496407418679,-0.005084005594082175
2021-02-19,0.004148551901348441,0.001027595431118522,-0.0018548966445751658,-0.007215546818468588,0.008807272273859024
2021-02-22,0.014969164015496528,-0.0017813714806008685,-0.0077328394581538396,0.004600897575829599,-0.0036650087585201607
2021-02-23,-0.0023007456922117253,0.0020718832803885423,0.0012563181187927874,0.0,-0.0029055231201960963
2021-02-24,-0.0007095264939214196,0.004995562586833202,0.01135161376597904,-0.016060804071946877,0.004578323203768608
2021-02-25,-0.018816524708764826,-0.0010512088902238093,-0.02447880752512621,0.01673548618968912,-0.005588239847401866
2021-02-26,-0.024182906697045592,-0.025345775354216782,-0.004750214169902844,-0.039851797411834644,-0.013252748095765043
2021-03-01,-0.0017304170540851649,0.016210645531560708,0.023790763506800205,0.02407961055107899,0.01929914336880545
2021-03-02,0.005447934683729505,0.003839994640282285,-0.008080851690870694,-0.008607550630404415,0.0002967267971500931
2021-03-03,-0.011021541189334294,0.009329008608450762,-0.01306622187199813,0.005132236650595923,0.0013647359114854485
2021-03-04,-0.009836893780889033,-0.003685131848737977,-0.013417213930100202,-0.021279072863758963,-0.0021358474183903464
2021-03-05,0.0006288110395962221,-0.0030672394177156947,0.01949596819778221,-0.002274068917169414,-0.009530765796998852
2021-03-08,-0.010368190918767173,0.01336250624481572,-0.005359231030161227,-0.00419446261644929,0.025534522085719935
2021-03-09,0.02127113294736649,0.0016668462842452936,0.01415464230382213,0.00990456726796718,0.006061281941343699
2021-03-10,0.005098279923459348,-0.0006982908886133954,0.006030313342701321,0.00029699296307006406,0.00894596548119031
2021-03-11,-0.000866011298261804,0.001695001513355221,0.010395487004435822,0.006029642451707007,0.006733117769259556
2021-03-12,-0.00018572795011984056,0.003636633516401977,0.0010153984958789497,0.017328347271662325,-0.0031931708374330903
2021-03-15,0.004396503999798185,-0.0017451460012570807,0.006491921301497117,0.0016535737929321837,-0.0009182595510489611
2021-03-16,0.0009248406787658592,0.007985525398769955,-0.0015696837343783798,0.005177521829885734,0.005514557412893861
2021-03-17,0.00714498527693741,-0.006011508871287097,0.00287938213053085,-0.00022591976630192967,-0.00031679651710214696
2021-03-18,-0.005810023730399405,0.0025137887987083385,-0.014760539319459198,0.010109533493987355,0.004623701567710636
2021-03-19,0.004183119739068708,-0.010472439481776674,-0.0006027039747036333,-0.014055092581101492,-0.007891326068507398
2021-03-22,-0.0014702614866924923,0.0025936324231492502,0.007025118077311765,-0.020740444998633145,-0.0008287503386582573
2021-03-23,-0.007300628474884996,-0.003999331254841643,-0.007630854183940605,-0.006109191402786318,-0.0017789131009706693
2021-03-24,0.0034608341081703298,0.002044976509410157,-0.00546733601831495,-0.020361498866590222,0.0014449961768301378
2021-03-25,-0.003633653726877295,-0.005675654070597336,0.005240265846959469,0.011418954255286717,5.223553768418654e-06
2021-03-26,0.0028434090575977233,0.009858017452829104,0.016631202604519668,0.015552391656688647,0.008899997305424678
2021-03-29,-0.011896005111092234,-0.0006527463845956705,-0.0008680126852336212,0.007122817798609793,0.004187102587517533
2021-03-30,-0.017091823816998808,0.005329399558037462,-0.0031578329337678124,0.0016396282215458413,0.011159228271009125
2021-03-31,0.015167857324082767,-0.008638383833140084,0.0036224990395776757,-0.008626406827758948,-0.0017803449445534802
2021-04-01,0.012628087827510459,0.003530104070321949,0.011825201774944727,0.007199348628130986,0.006825355177858761
2021-04-02,0.0,0.0,0.0,0.015826769555145503,0.0
2021-04-05,-0.0003704010382533651,0.0,0.014438226417743616,0.00788001607824751,0.0
2021-04-06,0.00802867506459215,0.012809329474800402,-0.0009735307519511682,-0.013048485443306168,0.006198735207563644
2021-04-07,-0.002818323186048577,0.009042104775812243,0.001475232784985625,0.0011502383313026776,-0.0034378989155645634
2021-04-08,0.01075202788807239,0.00826403965536282,0.0042206328286402695,-0.0007335356523553438,0.005322537951357953
2021-04-09,-0.00753747660190629,-0.003802885235551945,0.007719934348738189,0.0019886269132374235,0.00025390973113181836
2021-04-12,-0.006063609158189043,-0.0038606824641096438,-0.00019607884876882142,-0.007703897194238807,-0.004257568832291447
2021-04-13,0.007086479573175097,0.00020320540040152935,0.0032944868090414303,0.007206772358589131,0.0012847593367044663
2021-04-14,-0.004344315528953313,0.007125767020716989,-0.004087726727828533,-0.004390321847084988,0.002341835771042966
2021-04-15,0.016162763416190717,0.006325998865349014,0.01109419052516647,0.0007325622330078829,0.004313051952425706
2021-04-16,0.006047777218550321,0.0051550082336937475,0.0036088195555097347,0.0013723345705296541,0.00990628589231246
2021-04-19,-0.0027652942409929215,-0.0027637156982335265,-0.005306560094486046,6.737779631826868e-05,-0.0032432706643638065
2021-04-20,0.0035565515706876827,-0.020028312932188097,-0.006802319771775922,-0.019706282865434632,-0.019764112357976926
2021-04-21,0.009911155680072392,0.005160410916732916,0.009306055472153574,-0.02033753719530218,0.009123288024305065
2021-04-22,-0.006483147356353358,0.006221686052843678,-0.009210657476561801,0.023839133242507193,0.009654471638308904
2021-04-23,-0.003831414124593202,5.763776375600216e-05,0.010928696540176919,-0.00573996461403492,-0.00036364474438177474
2021-04-26,0.002644245538133694,0.0035309716160578652,0.001782270924804541,0.003638777181884878,0.001866273495479298
2021-04-27,-0.002517371003141977,-0.002599430914736134,-0.00021489588801437698,-0.004612331962906557,-0.0022184886807712356
2021-04-28,0.002944390689552989,0.002692612715982756,-0.0008455399168898481,0.002141291126128486,0.0007777136715065858
2021-04-29,-0.004133978948338446,-0.0003159520442854724,0.006762806734045723,0.0,-0.0045155644717058685
2021-04-30,-0.0033690142851713345,0.0011922437244127337,-0.007194706699326425,-0.008306604498779957,-0.005544274975808228
2021-05-03,0.012978352341882271,0.0,0.002748090747253684,0.0,0.006418032331247048
2021-05-04,-0.007329692780131181,-0.006685932262166183,-0.006678337608227225,0.0,-0.018861308961158674
2021-05-05,0.004142168530566259,0.016769644976265097,0.0007034637617677753,0.0,0.019871073497785385
2021-05-06,0.01667957921247054,0.005242054131637808,0.008165456466051824,0.018003849901169877,-0.0008369406397930046
2021-05-07,0.00899681760120985,0.007560554891513638,0.007373341616968343,0.0009018048815989665,0.008703733298595306
2021-05-10,0.0030305045955998366,-0.000841550112295697,-0.010435647322188157,0.005467692408405833,-0.0027018410717605246
2021-05-11,0.000174300035968189,-0.02466417598934234,-0.00867391280271812,-0.030819822687034426,-0.019210368768933228
2021-05-12,-0.009933813872024522,0.008146243185988666,-0.021449400664502738,-0.016116840453977543,0.00034714956856563006
2021-05-13,0.004107329913244362,-0.005896167146297038,0.012173141406923493,-0.024851221505010734,0.0
2021-05-14,0.009115862292308208,0.011531931012749741,0.014917956876899785,0.02318787201457062,0.017735592772517572
2021-05-17,0.011639321781340195,-0.0015191372542657788,-0.0025300521932207776,-0.009244989081140464,-0.0026384597331191584
2021-05-18,0.001946172546249958,0.0001848871712673006,-0.008517292959364653,0.02091692074995133,-0.00037435983645395243
2021-05-19,0.000685616890880425,-0.011941656146775115,-0.002943411456817757,-0.012757160845532467,-0.01712715928009434
2021-05-20,0.004567270124640199,0.010014043828829644,0.010554741756143349,0.0019184110492007633,0.016046251983037108
2021-05-21,0.0004545724551812125,-0.00024213041376408562,-0.0007838806801412357,0.007814724337814605,0.006467674961673664
2021-05-24,0.001761036294059215,0.004773371643870927,0.009911292190138532,0.0016519379043500315,0.0
2021-05-25,0.009072814229376336,-0.0030915384688356973,-0.0021252837802967495,0.006676315941685607,0.0025485768449740043
2021-05-26,-0.0017420486873281904,-0.00041251563690569704,0.0018768165702687245,0.003089200977479667,-0.001082773497092293
2021-05-27,0.00039409662496781017,-0.0010245922286225007,0.0011653145418315525,-0.0032532320077169885,0.0018702024740639978
2021-05-28,0.003770176937892389,0.0004131091447019397,0.0007688818911402162,0.021030515438329678,0.00776144294538561
2021-05-31,0.0,0.0,0.0,-0.009925760987069765,-0.007640250287080708
2021-06-01,-0.0026909461441234628,0.008244795594024135,-0.0004923335226864056,-0.001584896308367112,0.007993652462148892
2021-06-02,0.004890446350902078,0.003883906503777901,0.0014469348384307246,0.004574138500646141,0.004113710321115072
2021-06-03,-0.019578228541437537,-0.006133947334869161,-0.0036287033416374515,0.0038681754314182637,-0.0022648917122721768
2021-06-04,0.010783359066451448,0.0006511660891004301,0.008834095710505974,-0.004012299707644051,0.0024857308229964126
2021-06-07,0.0040076283608136976,0.001160021970929348,-0.0007967387044511831,0.002685439616986196,0.00202231628467886
2021-06-08,-0.0030920774052216604,0.0025292349869663333,0.00017502486450582388,-0.001918716239650009,-0.00040026277447757774
2021-06-09,-0.0019175027218333307,-0.00198730073743536,-0.0018238673194856947,-0.003547898244716574,0.00020515869818038546
2021-06-10,0.004294325821970535,0.0010168331185567148,0.004652243012262192,0.003387285278948715,-0.00019045691663122088
2021-06-11,-0.011252390785353672,0.006475536959876571,0.0019484346695590737,-0.00033945327182571816,0.007477990466042028
2021-06-14,-0.005860923791407013,0.0017661789831613373,0.0018152018730952513,0.007360264476192091,0.001446610192153308
2021-06-15,-0.0037777095572453234,0.0036100303612038864,-0.0020116937805257917,0.00958445612109493,0.0026254450177156663
2021-06-16,-0.016891711518855712,0.0017427675148136146,-0.005390124612855707,-0.005104768187440767,0.0019885860463833005
2021-06-17,-0.030740427140865334,-0.004398065087856673,-0.00043571559205179966,-0.009309330394611681,0.0015367871586831061
2021-06-18,-0.005547261946798776,-0.018997945620127243,-0.013124468779900589,-0.001869507992153352,-0.017981601647089285
2021-06-21,0.012247646651096789,0.006384012068044065,0.014002289962720793,-0.032908015309102256,0.007092171443289663
2021-06-22,-0.0041928539145718036,0.003922262730069015,0.005124491902218642,0.03117358765370315,0.0026262008356159328
2021-06-23,-0.0006616578066259704,-0.0022425814307123204,-0.0010832833431588806,-0.00031990695582939654,-0.011445174599753472
2021-06-24,-0.0006019387497473438,0.005074836636202562,0.005811249724885448,1.1769525100957523e-05,0.011406015555508908
2021-06-25,0.0033124733437563947,0.0036708998110055457,0.0033305973193167304,0.006612907175118643,-0.0004293631318847968
2021-06-28,-5.999463986816611e-05,-0.00884237844098823,0.0023149642620619026,-0.0006247864853670126,-0.007462455765488096
2021-06-29,-0.010505462725200698,0.002064201563162671,0.00027733619326086867,-0.00810417233425309,0.004303237453596509
2021-06-30,0.004853503869870712,-0.007068697015343406,0.0013281596467464851,-0.0007316268322191677,-0.010519686930141825
2021-07-01,0.0034413575356286863,0.012461839476021419,0.0052216268542757405,-0.002934551808756125,0.0035897555728461317
2021-07-02,0.006558341503640763,-0.0002667139972081234,0.007500081663913916,0.002655802787915995,0.001328833618550851
2021-07-05,0.0,0.0058400037618626666,0.0,-0.006430464084406617,0.0007492228919572241
2021-07-06,0.004961455343207799,-0.00893243462885851,-0.0020218560598241897,0.0015742774362970113,-0.00848961418164329
2021-07-07,0.003806801143447114,0.007055457525843245,0.003358975310182588,-0.0096449284039003,0.0063810050955026565
2021-07-08,-0.0006518168637834609,-0.01682279467032588,-0.008561024934316985,-0.008774997972304632,-0.021299369273609647
2021-07-09,0.003320562334123478,0.012971639310129346,0.011277947808795874,-0.0063165655432239065,0.019147466834382953
2021-07-12,-0.001241101031467462,0.0004914418972454815,0.0034511743312370946,0.02249785834044893,0.006216626076485987
2021-07-13,0.001301782371024407,-9.819898403451433e-05,-0.0035168126585656267,0.005223165007877784,0.0002883132802322663
2021-07-14,0.010755182911599048,-0.004701952234009821,0.0011649345752446916,-0.0038216129924504294,0.0012064645128069262
2021-07-15,0.00017547964957964624,-0.011168799798495832,-0.0032622408541723713,-0.01151407809102778,-0.010515942778844933
2021-07-16,-0.00970365108457183,-0.0005561754625997839,-0.007538854211077806,-0.009760206822427175,-0.005083306485060168
2021-07-19,0.0011805498135817327,-0.023358712494310208,-0.015869512427409305,-0.012510761058162068,-0.026572373974578123
2021-07-20,-0.001297100524211059,0.005362076418114148,0.015162609437855634,-0.009567951526051721,0.007078998604149067
2021-07-21,-0.0037192566567244567,0.017032117738146058,0.008241819990835397,0.005836092780168833,0.017779018534147983
2021-07-22,0.001955450591350383,-0.004286755474509074,0.0020166699583279435,0.0,0.008038909905191183
2021-07-23,-0.0031344183025339145,0.008510008844461403,0.010145452020822843,0.0,0.012330483296842942
2021-07-26,-0.0023730060647713103,-0.0003130791852020698,0.0023821998626283314,0.010356071674894718,-0.0015843502838890355
2021-07-27,0.0016650735799190741,-0.004170553291596324,-0.0047124448070912095,0.004919707488307168,-0.009203885122107458
2021-07-28,0.005046252863966982,0.0029302039298819693,-0.0001862618826539153,-0.013891937106938479,0.00939761473347267
2021-07-29,0.011105233370970247,0.008807656675223985,0.004206152980007483,0.007278741181194093,0.003348802005949114
2021-07-30,-0.007886842666167015,-0.006512785133965915,-0.0054060480514769305,-0.01795488224307762,-0.0066726998527483206
2021-08-02,-0.0012366429443513294,0.007024784493981695,-0.001842805614891363,0.0182318269094619,0.006680866660103479
2021-08-03,-0.0007074766626713469,0.0033890166680432543,0.0082034265474622,-0.005010235602348256,0.00032309955427911596
2021-08-04,0.0002359625041987723,0.002561282706981638,-0.004632387901412294,-0.002089224911548171,0.006544447055704339
2021-08-05,-0.0039520921003340925,-0.0004913039273402031,0.006005446813494242,0.005221818603051043,0.0039036348675394184
2021-08-06,-0.024991124040327772,0.0003651617453950262,0.001675266241764728,0.0033150435270716816,0.0032347276872319863
2021-08-09,-0.017735654639032372,0.0013056022304507309,-0.0009399082741974318,0.0,0.0006251858304935354
2021-08-10,0.00030919522248562537,0.004023974888665904,0.0009926793341701323,0.002448282979473193,0.0025543545538102563
2021-08-11,0.01378497662510525,0.008253050922531813,0.0012757437876824707,0.006538955522174206,0.004420021558521281
2021-08-12,0.0002438615008097944,-0.003725696594217842,0.004146380281677686,-0.0019768160549387126,0.004754738603137687
2021-08-13,0.014325811995228088,0.003545014639884103,0.001607306655808216,-0.001351744216446349,0.0007974098390808315
2021-08-16,0.004988291568599701,-0.00896285945695785,0.002620850702215849,-0.016226132081418876,-0.0064449612614295715
2021-08-17,-0.0014950364679763295,0.0037881042292773337,-0.00706069881494753,-0.0035867481916704858,-0.0014372695735608287
2021-08-18,0.0007786122169375354,-0.0016432430697632672,-0.010748470745585936,0.00588669348891413,-0.0016633258581603139
2021-08-19,-0.002932408589264246,-0.015398979726244266,0.0012566922329095842,-0.011046952326347559,-0.01544604316211362
2021-08-20,0.0005401616803368814,0.0041082888837071785,0.008141567655737925,-0.009820690338509741,0.005525246448436327
2021-08-23,0.012177557387281546,0.0029769181205949735,0.00852379036424833,0.017805715135165157,0.006972856389391158
2021-08-24,-0.00047414113127741686,0.0023631741014911167,0.0014957363013194946,0.008651243786784502,0.0003975070230137767
2021-08-25,-0.006937433805443538,0.003410184629768054,0.002220118224179668,-0.0002631906068349954,0.000727616274857068
2021-08-26,0.0011344784228162208,-0.0035104540235006976,-0.005824918819612557,0.0006307811330361623,-0.002690666540230202
2021-08-27,0.015029547921398434,0.00322807017543858,0.008807632480425154,-0.003646001859187842,0.005062475014326884
2021-08-30,-0.0049356385559711224,0.0,0.004306570844779589,0.00535970781777384,0.0018658700960616503
2021-08-31,0.0020076547129428413,-0.003959122088346367,-0.0013491160395050494,0.010804522538331751,-0.0005691265477416607
2021-09-01,5.8898619200498104e-05,0.004227651242227459,0.0003116886257619189,0.012868864382064027,0.007353872031619302
2021-09-02,-0.0026517204262498373,0.0019720968476635292,0.002842638410522902,0.0032508583487986797,0.0011425998582261787
2021-09-03,0.01069422486613747,-0.0035595137212424133,-0.0003350311257153127,0.020480999504799424,-0.0071170616224744965
2021-09-06,0.0,0.006836306964635996,0.0,0.018256634618943668,0.010506928293081641
2021-09-07,-0.01958371853465668,-0.005259390575123146,-0.003395574405981705,0.008639613788191447,-0.0049739687127777765
2021-09-08,-0.0025044029033459703,-0.007539080633338191,-0.001318566739775151,0.00886044479542547,-0.011327752108561184
2021-09-09,0.004423489287242344,-0.010048594840039504,-0.004605608657393345,-0.0057327548829401165,-9.585258713751266e-06
2021-09-10,-0.005058656845151166,0.0007118248143520578,-0.007722578759925436,0.01245161395720551,-0.001618287726741774
2021-09-13,0.0033497597913456634,0.005576695206005233,0.0022764876184568905,0.0021568574257520012,0.004599059323767252
2021-09-14,0.006438546534438316,-0.004852555763876221,-0.00574663850657553,0.007315261549242225,0.0005108298134870459
2021-09-15,-0.005864266379652205,-0.0025021107763470996,0.008473996979569742,-0.005164269888011219,-0.010909728418762143
2021-09-16,-0.02264197706190263,0.001567733200313448,-0.0015511404489350067,-0.006173730936814947,0.00577195427802879
2021-09-17,-0.0015850424237688898,-0.009092835623443651,-0.009110872450405094,0.005827555223486547,-0.009360069340439092
2021-09-20,0.0071441542310690664,-0.008573179745429815,-0.01697731100841482,0.0,-0.02111192015092267
2021-09-21,0.006669036185550814,0.0111676152242699,-0.0008123585165593639,-0.021650450633214913,0.013324632662726321
2021-09-22,-0.0037340107339023376,0.014668371629243726,0.009519611195260236,-0.006712884963750332,0.012856632148432467
2021-09-23,-0.011546389089901132,-0.0007058757191367171,0.012134715784494876,0.0,0.010777815256714174
2021-09-24,-0.00128427290155253,-0.0038002801077745563,0.001461009046688222,0.020560812574425658,-0.008679583145350223
2021-09-27,0.00208203509820426,0.001687570352939094,-0.0027763826213396126,-0.0002892675725691962,0.0016761328544583343
2021-09-28,-0.009716428402719801,-0.00499756564480891,-0.020364110556098214,-0.0018551420982785283,-0.02560567152152593
2021-09-29,-0.004504756024632184,0.011397119640194298,0.0015691842194003325,-0.021192443109919412,0.00527244420381523
2021-09-30,0.01797665363761114,-0.0030669216355394546,-0.011909714125195148,-0.0031014083993072816,-0.007876999967868503
2021-10-01,0.0022530453929923144,-0.008368114346452127,0.01149147763018199,-0.023141877172862535,-0.003157059408467666
2021-10-04,0.0046783175745395145,-0.0022911439189005067,-0.012985898136748442,-0.011337071716733704,-0.009637483272165626
2021-10-05,-0.004656532835140448,0.009428055577841876,0.010524514660609219,-0.021893966568029333,0.017270505541014503
2021-10-06,0.0026733243283083574,-0.011473653642314785,0.004102792854185466,-0.010540174834195337,-0.012982643947715311
2021-10-07,-0.005271739220885419,0.011735459169269324,0.008298280656405366,0.005424915789752349,0.02135495084088923
2021-10-08,0.00042636491147840516,0.0024865919265681935,-0.0019137230947889883,0.013394236949134442,-0.006112183382181224
2021-10-11,-0.0018875818465466931,0.0072298049469339265,-0.006865763848056816,0.0160169965205208,-0.000189041174054827
2021-10-12,0.004514430828637339,-0.0023366364800734285,-0.0024167805585421087,-0.009389710616309555,-0.0042798885105618245
2021-10-13,0.017794197805277356,0.00162682800724534,0.00302251448379387,-0.0031997211581622498,0.006951742327607313
2021-10-14,0.0024464685904206362,0.009227420598060698,0.01706310194558336,0.014592974941460612,0.01610960522543503
2021-10-15,-0.015892846243722114,0.0036488483115049153,0.007460210377712606,0.01813255041224293,0.008158497871376458
2021-10-18,-0.0024799108302698825,-0.004174757438830556,0.00337476955709759,-0.0014851033777215639,-0.00753309364275212
2021-10-19,0.003213671993580469,0.0019018012276779128,0.007393339551406308,0.006547995711739141,0.0037168608527784475
2021-10-20,0.008763958748792211,0.000775905459819981,0.0036640298040166996,0.001370204967848787,0.001281512240691729
2021-10-21,-0.0008987052245035265,-0.0045410270555981125,0.002995871849622578,-0.01869630509487985,-0.003940381555423755
2021-10-22,0.006116967151190034,0.0019888312528257845,-0.0010725536274130976,0.003353336563076903,0.007960112490578375
2021-10-25,0.006914158513320778,0.002526123141403769,0.004748196569493546,-0.007097396997291061,-0.0001193656415559019
2021-10-26,-0.00739951491266011,0.007587126107688302,0.0018197952535197182,0.017678054496869322,0.008514211161809948
2021-10-27,0.002624060476058121,-0.003339053072808462,-0.005051568068462853,-0.0002669390724652221,-0.000731617855729727
2021-10-28,-0.00023788536339730548,-0.0005238725531576671,0.009829281576461124,-0.00955901073001686,0.003077612899598625
2021-10-29,-0.008507900517562339,-0.0016414790459686746,0.001949334719149265,0.0025190625625597374,0.0039420060002541835
2021-11-01,0.005220584505493342,0.007046534667826565,0.0018000771431341267,0.02611008664402492,0.007036756530360622
2021-11-02,-0.0021490007233168074,-0.0018934078950479938,0.0036803630854131963,-0.00425605783664007,0.003679502299860138
2021-11-03,-0.008315382622616663,-0.0035602220046057065,0.006461279195357994,0.0,0.003116611292698135
2021-11-04,0.011340951773961994,0.004276510976510606,0.004181942361150437,0.009263563996403157,0.005506294356464769
2021-11-05,0.0130629437586407,0.0033104984930480974,0.003732799652949259,-0.006135348168045285,0.0068538809286644575
2021-11-08,0.003591619309376348,-0.0004928939836048585,0.0008877879113036169,-0.0035296855299119523,-0.0024089290522550932
2021-11-09,0.0049281100201232775,-0.0036162268775542517,-0.003498775895770745,-0.007509725231191422,-0.0018150139651408326
2021-11-10,0.010858781500706183,0.00910093419198521,-0.008225823395229703,-0.0061013770965168135,0.0009643954765456986
2021-11-11,0.005602086369596027,0.005994386914419447,0.0005509400447352153,0.00587767119062077,0.0021109579500455666
2021-11-12,0.0018952552280546708,-0.004915941064516871,0.007222656026415475,0.011343429308516617,0.0028292974128041326
2021-11-15,-0.0015477459282561279,0.0005443732295160597,-1.0739820344718431e-05,0.0056342534005746625,0.0036289852248538867
2021-11-16,-0.007233864736584827,-0.0033868663440060898,0.003865229864862485,0.0010517704573125286,0.0034882878245452442
2021-11-17,0.009137183945092442,-0.004886011285314629,-0.002601625374463401,-0.00401867229310493,-0.00015453306608248507
2021-11-18,-0.0032091550635745536,-0.004827764204736851,0.0033847802152713324,-0.003020376075011044,-0.003887889514303966
2021-11-19,-0.007646325240812324,-0.004465256662589567,-0.001398665559303236,0.004973501624664367,-0.006211642962688724
2021-11-22,-0.022420457120115533,0.004416067045862615,-0.0031971365563219223,0.0009493833998091006,-0.004081348559877074
2021-11-23,-0.008652404091134991,0.0015436834556543655,0.001657132912945114,0.0,-0.012646701637710422
2021-11-24,-0.0009565020521100642,0.0026971815058014492,0.0022938506357221833,-0.01583420054021345,-0.0017670734366449503
2021-11-25,0.0,0.0033075907253701242,0.0,0.0067099416768501285,0.003973162087109072
2021-11-26,-0.001615539860939763,-0.03644122153404228,-0.022724822637582465,-0.02534503127095733,-0.047437400455567214
2021-11-29,-0.0013785494630753625,0.009369676320272635,0.013200199537034996,-0.01626688279579902,0.004873284571832448
2021-11-30,-0.006721853018899604,-0.0071026722925456864,-0.01896131033450521,-0.01634003198731171,-0.011302980082877556
2021-12-01,0.003987937535404162,0.01546854526701602,-0.011815187417889228,0.004092457700705099,0.028572022582944445
2021-12-02,-0.005536820827328315,-0.005510064436203943,0.01419443613158311,-0.006523929148753549,-0.017020179815184222
2021-12-03,0.008412002804647267,-0.0009679052959596923,-0.008448563730297565,0.009951987107421179,-0.006784318736275274
2021-12-06,-0.002460563224478851,0.01544444954810853,0.011730872577451423,-0.003646191173662827,0.013960261828807052
2021-12-07,0.003549490636251651,0.014877715327358265,0.020707080374404274,0.01891443716342045,0.03362016882020469
2021-12-08,0.0005395140531609943,-0.0003406040999552884,0.0030852853123166657,0.01423338593492729,-0.010081462418377152
2021-12-09,-0.006111378376110088,-0.002194251079474019,-0.007181080169894716,-0.004682797581073372,-0.005856251574509197
2021-12-10,0.004219899491422874,-0.004029339159299594,0.009549073338481762,-0.010015542472684436,-0.0021718149518054064
2021-12-13,0.00252130006200435,-0.008283263935046858,-0.009136167611567658,0.007128572545122891,-0.0038388907752201495
2021-12-14,-0.009341302746070368,-0.0017700313715677263,-0.0074706775774360246,-0.0072571945408089755,-0.009211069719078147
2021-12-15,0.004291534360497673,-0.006621823112804126,0.016348464630746795,0.0009524292337865781,0.003660362989629018
2021-12-16,0.012097561477355745,0.012523051181828837,-0.008743415379980468,0.021314320534016717,0.01014259260889605
2021-12-17,-0.002140821851282393,0.0012808589596473574,-0.010287680637092622,-0.017912161546506433,-0.009643329851035887
2021-12-20,-0.0042312675861405635,-0.009890081474240087,-0.01138805785140995,-0.021294610858090146,-0.013029476869607204
2021-12-21,-0.0004188884251822289,0.01380937793050152,0.017777934551572505,0.020752495830058892,0.016522572574702687
2021-12-22,0.009400024100517657,0.006070695530132841,0.010180197220578835,0.0015646867072036663,0.010076628173250723
2021-12-23,0.0022540179789249937,0.00430412690989157,0.006223699921661829,0.008268204574280347,0.011571996606511092
2021-12-24,0.0,-0.00016270965009279603,0.0,-0.0005479232798895062,0.0
2021-12-27,0.002367247994286892,0.0,0.01383893524747526,-0.003687260487195032,0.005185382993450061
2021-12-28,-0.004310065233419702,0.0,-0.0010101548486260992,0.013694131211166027,0.005585426103104529
2021-12-29,-0.0002965076609273698,0.006592435942602171,0.0014018951394270118,-0.005582524434924574,-0.006284911061051668
2021-12-30,0.0071772153754725565,-0.002385245980383477,-0.0029897555945093135,-0.003984169804942761,0.004956963451639318
2021-12-31,0.00683158799329231,-0.0024989868972038476,-0.0026261799136575448,0.0,0.0
2022-01-03,-0.015383743445999576,0.0,0.006374052530970564,0.0,0.005979930900138486
2022-01-04,0.007366515057776857,0.016345073507007868,-0.000629621957060511,0.017716144973366044,0.008264492620075004
2022-01-05,-0.00300766493835114,0.0015588800733865593,-0.019392757790687165,0.0010364928122723605,0.005616281750264962
2022-01-06,-0.012244126909514819,-0.008846732145424085,-0.0009637690162076495,-0.02878379945859877,-0.015331863722152561
2022-01-07,0.004551137683908024,0.004684299205572895,-0.004050216740091761,-0.00032675640652690685,-0.004388627526204392
2022-01-10,0.0030402057039400354,-0.005343807334871276,-0.0014410312534549607,0.0,-0.015400063957615617
2022-01-11,0.0120646549718888,0.006191838994478838,0.009159984668711818,-0.008992030257410577,0.009911503976314684
2022-01-12,0.002642622730480104,0.008049268995756753,0.002817754443029452,0.019246348247151657,0.008139617366250462
2022-01-13,-0.0033969884760131075,0.001615491441095962,-0.0142436152864307,-0.00961317401974926,-0.00011357508461284915
2022-01-14,-0.0028796749096049457,-0.0027631119678452887,0.0008199802697488323,-0.012806693342136022,-0.010127658640498916
2022-01-17,0.0,0.009041521319435253,0.0,0.007439843423765469,0.007010501808971892
2022-01-18,-0.001650255097062403,-0.006253954229921033,-0.018387945694007368,-0.0026918481188289434,-0.010301922087968762
2022-01-19,0.015880526897095182,0.0034507506107228636,-0.009689541868338813,-0.02795811804935011,0.0024566471502629472
2022-01-20,-0.0024988838330701757,-0.0006192860312720372,-0.01103737849414832,0.011129597470622254,0.00734021191252654
2022-01-21,-0.0032624385581478954,-0.011984166426334819,-0.018914821867908604,-0.00902569245288587,-0.01629213042925748
2022-01-24,0.005494198734739664,-0.026273988841612805,0.002771738943381896,0.0024020329567040477,-0.041422736347223266
2022-01-25,0.0031971345443269072,0.010181960573759197,-0.012171906253646725,-0.01656601354525178,0.005894864222839802
2022-01-26,-0.016166464916677392,0.013335115605711101,-0.0014966358477518371,-0.0044232893147237995,0.02117081492692452
2022-01-27,-0.012898211138547944,0.011312217490350163,-0.00538408875771057,-0.031136167469076326,0.004891254072381113
2022-01-28,-0.0029832934474428585,-0.011675431120237167,0.024347646888076113,0.02090304834753498,-0.011483966701431925
2022-01-31,0.005924537392067553,-0.00022772200884824123,0.018885951732779516,0.010653778657031543,0.009110650215429228
2022-02-01,0.0008328835308379912,0.009565390825501119,0.00686300355780145,0.00283312552160897,0.011941286947278362
2022-02-02,0.0036259919505645666,0.006263461946420135,0.00942251544733641,0.016807410635550024,-0.00056821373528404
2022-02-03,-0.0014214062993387344,-0.007147592682645421,-0.024391082077444004,-0.01061572284941914,-0.019192048626780145
2022-02-04,0.0015420788696549614,-0.0016469958911684568,0.0051569298644233985,0.007293323394192974,-0.013146505244959528
2022-02-07,0.007402581993851909,0.00759673492604418,-0.0037017126347429485,-0.0069650569157483355,0.00831501642428134
2022-02-08,0.003056870675416823,-0.0008450389309764272,0.008401207191663262,0.0013083255103547575,0.0021089223995476303
2022-02-09,0.0033991784238243117,0.010083097052083767,0.014517207887505545,0.010824805217358735,0.018124318883574464
2022-02-10,-0.0037965605384254753,0.0037941230827276407,-0.01811572566845976,0.004213614535568011,-0.0016698072096832384
2022-02-11,0.019054878321533186,-0.0014858326584706871,-0.01896945434456343,0.0,-0.00996882241714625
2022-02-14,0.005350715998122091,-0.016890732586313795,-0.0038405967262932217,-0.02225911510350942,-0.02184717325480845
2022-02-15,-0.009499848975192515,0.01026339737707982,0.01576672117072042,-0.007917416469824579,0.019500796102255524
2022-02-16,0.010284254451501385,-0.0006702805558894687,0.0008812077558950637,0.02215547143408525,-0.0015661680365972597
2022-02-17,0.013668073780773726,-0.008732463248548039,-0.021173138152195015,-0.008285795063559198,-0.005808313841086599
2022-02-18,-0.0007334549100845855,-0.0031575616254750916,-0.0071661613961429005,-0.0040685697695992395,-0.009459789765038695
2022-02-21,0.0,-0.0038996343414510193,0.0,-0.007787059374212313,-0.021738826914815657
2022-02-22,0.0020890378623359407,0.0013228212235429915,-0.010142945264832837,-0.017140277529300474,-6.021266894151722e-05
2022-02-23,0.0045072272703239324,0.0005337460830712182,-0.018412122845487655,0.0,-0.003026006639719414
2022-02-24,-0.006450131470019049,-0.038836012339940384,0.014956856067329216,-0.01810193321616871,-0.03627108107010424
2022-02-25,-0.003330678220184624,0.03919800194255574,0.022372677655603468,0.019471071048788202,0.03692587944536263
2022-02-28,0.010365345791119474,-0.004165858243207143,-0.002442603440647617,0.0019005651237891108,-0.011700727486429141
2022-03-01,0.018163415997793697,-0.01717544383164782,-0.015473503680411893,0.011984112188342388,-0.04035948035685244
2022-03-02,-0.010406339832951472,0.013560325733983802,0.018642691757321028,-0.01682607955751314,0.014535891980523408
2022-03-03,0.005953415398956663,-0.025667625821833684,-0.005254666430088317,0.006980639937258504,-0.020627718959837837
2022-03-04,0.015929145881701023,-0.03478426391915912,-0.007934042550334475,-0.02226710412930688,-0.04964749880450836
2022-03-07,0.014862865283030047,-0.003950150601893965,-0.029518158313449172,-0.029403375278598043,-0.012314374521512184
2022-03-08,0.027358997610294145,0.0006609810555715523,-0.00723375351819977,-0.017067282710730214,-0.0019730915769600177
2022-03-09,-0.029711176156991925,0.03253831715206279,0.02569824789143582,-0.0029615615451896726,0.07438185644075346
2022-03-10,0.0031212277978962533,-0.012738689580739648,-0.004291813651667864,0.039359560660984005,-0.03043800254874718
2022-03-11,-0.007027884128157469,0.007958755225701442,-0.012961545123475138,-0.020537674996398247,0.00969223713706513
2022-03-14,-0.01507371193113849,0.005296537233287157,-0.007421002465963666,0.0057652738113080915,0.014733742704398534
2022-03-15,-0.01870545038411886,-0.002474428954959307,0.021408574170870942,0.0015264378432489067,-0.0007992275417191275
2022-03-16,0.006260803404375848,0.016165669808192007,0.02238376135718223,0.01639396433707274,0.04054985798396338
2022-03-17,0.004888644573449508,0.012836458832354403,0.01234781757145198,0.03458118630805451,-0.001123450226805267
2022-03-18,-0.008789852082788041,0.0026268927650963114,0.011662294827948783,0.0065485978596364625,0.004406296713182822
2022-03-21,0.007640798069546317,0.0050913211928709234,-0.00043466036210393355,0.0,-0.005288971230313799
2022-03-22,-0.007250775291250955,0.004608767792489754,0.0113041136006502,0.014786347112665466,0.011417401154589335
2022-03-23,0.013659661796972422,-0.002153369432459473,-0.012272698789159042,0.02997529763083384,-0.014492716673461303
2022-03-24,0.007260367097212672,0.000911428651649171,0.01434391292056647,0.0025046386453804192,-0.001506783839932635
2022-03-25,-0.004095451209537915,0.0021426467323624188,0.005066170567449069,0.0014033678605276378,0.0011233885295818258
2022-03-28,-0.018203790082975457,-0.0013763536389755915,0.007144955276586762,-0.00731617728175904,0.005008135853669993
2022-03-29,0.00044678784846130526,0.008590773065034307,0.012256547427530462,0.011041028646131767,0.02960557513138462
2022-03-30,0.008038419372069505,0.005505950549318905,-0.0062937001746978805,-0.007969933991412104,-0.010754148938240338
2022-03-31,0.00038759588392967004,-0.008325805008858156,-0.015652540713177343,-0.007343578570855103,-0.014301053911486061
2022-04-01,-0.006365867342034703,0.0029537776194286103,0.0034102225843584133,-0.005587391463920399,0.004140891533803259
2022-04-04,0.004846769455083555,0.0027859218445538403,0.008090938687879357,0.00254790299062857,0.008278345287897393
2022-04-05,-0.006264842571455875,0.007249770955659596,-0.012551720801807331,0.0018571131913764916,-0.008420401947924705
2022-04-06,0.002343216670796844,-0.003414896743111462,-0.009716916613271898,-0.015750683573144464,-0.023778387107186827
2022-04-07,0.003784886240234986,-0.004731392872794116,0.004253385628492534,-0.016882098388714573,-0.00592987457495342
2022-04-08,0.006265969312183373,0.01559896925440607,-0.002651026482054286,0.0036160520109467242,0.014823766186073062
2022-04-11,0.004959463770487282,-0.006688783289291345,-0.01687729010355421,-0.006087692239770237,-0.004859564901893765
2022-04-12,0.007676751619003053,-0.005460484680506306,-0.003417447717741773,-0.01813987689747143,-0.0021226439688374343
2022-04-13,0.004788537865617837,0.0005410811130597271,0.011174577597236057,0.01930928964342371,-0.0009161000327456703
2022-04-14,-0.003303550666205579,0.004696087295991802,-0.01214413784439794,0.0122379676695068,0.005412797133345748
2022-04-15,0.0,0.0,0.0,-0.0029004323154350198,0.0
2022-04-18,0.0030971927027434454,0.0,-0.0002048682840329885,-0.010832187776664615,0.0
2022-04-19,-0.015112904376299419,-0.0019825767882282186,0.016057604355527166,0.006917197975841116,-0.004656121629568966
2022-04-20,0.004894947496407287,0.0036704762793060564,-0.0006184750715809706,0.00862549530028378,0.01724202212087045
2022-04-21,-0.0035576001936850066,-0.0001573160071532964,-0.014752948498371943,0.012315849426419723,0.008011673710981881
2022-04-22,-0.0097220932450649,-0.01393547518189564,-0.027740054250753654,-0.016252306363141567,-0.022408183968747775
2022-04-25,-0.017970993150090764,-0.018772377473977975,0.005697936985382235,-0.018980835203153634,-0.02146346537258914
2022-04-26,0.001525017044941901,0.0007723318626786657,-0.028146308431003852,0.004111578562793428,-0.009641812869771615
2022-04-27,-0.00755702425744631,0.005334258658295621,0.0020980468517017847,-0.011740720280289163,0.0035685299925058978
2022-04-28,0.005398323510093839,0.01125836249687584,0.02474690007293945,0.0174811833200037,0.011347848299202212
2022-04-29,-0.00011297696546286318,0.004714204099372399,-0.036284507106413955,0.0,0.006841395533252248
2022-05-02,-0.018540493535693647,0.0,0.005675242812353654,-0.0010939810310178766,-0.018517685117627414
2022-05-03,0.00264926246698316,0.0022134648377769572,0.004837126381486367,0.0,0.007702736132752852
2022-05-04,0.009822544372671826,-0.00896668647439014,0.02986242108440229,0.0,-0.009624600654531301
2022-05-05,-0.003811138551277793,0.0013077740291587148,-0.035649708609806985,0.0,-0.007613472115690301
2022-05-06,0.0016558743678838361,-0.015379886896116912,-0.0056742248424840325,0.006899380944858979,-0.018249043879441484
2022-05-09,-0.014479496708730832,-0.02318653568020823,-0.03203710063235676,-0.02533816612580675,-0.028190968363439706
2022-05-10,-0.008445202872691127,0.00368595977278674,0.0024578974498534745,-0.0057843485162927255,0.007922044128558792
2022-05-11,0.008167128516088473,0.014427324550221332,-0.01646320750393837,0.0017786081117039387,0.02618151993951301
2022-05-12,-0.015333925720196762,-0.015569550687163591,-0.0012959645058717717,-0.01773580131527419,-0.009441176478461988
2022-05-13,-0.00810956630229509,0.025562384474258293,0.02386969542307149,0.02636751143203786,0.024904313059009864
2022-05-16,0.009538483763206873,0.006281794525368367,-0.003946400929555671,0.004518010071275835,-0.004881929234538784
2022-05-17,-0.006279296383541522,0.007180379790304947,0.020169632234863677,0.004245263237662389,0.015241448695485271
2022-05-18,0.0005314848929158789,-0.010680438089289201,-0.04039526078745259,0.0094317920741942,-0.013569392945291137
2022-05-19,0.014697234801531733,-0.018203560125039764,-0.005833781800992588,-0.01889025349140916,-0.015555122349794503
2022-05-20,0.0006980112537449124,0.011954455523661922,0.00014614176965843662,0.01273307928671863,0.006522928184962806
2022-05-23,0.004650369455528214,0.016698227651386954,0.018555039930923556,0.009816745083026435,0.01404414589702574
2022-05-24,0.007521859850632806,-0.0038597705934637627,-0.008120797617175213,-0.009383875820646037,-0.016403300555348332
2022-05-25,-0.006029994959596108,0.00513065881631003,0.009450764734207695,-0.0026297096585569113,0.008098575098963279
2022-05-26,-0.0018488983177334939,0.005596333645621732,0.019883256167224195,-0.0027348932581908736,0.0
2022-05-27,0.00052102106703944,0.002723115695141942,0.02474226295510973,0.0066469050288811005,0.035832587165524066
2022-05-30,0.0,0.0019247376779711889,0.0,0.021945972278741177,0.008601001045375645
2022-05-31,-0.009893009276743081,0.0009999996787666277,-0.006274368617659065,-0.003274781655057124,-0.013642722250311934
2022-06-01,0.006369033199590923,-0.009819024592810144,-0.007482768681131846,0.006528267753054928,-0.007830107642718076
2022-06-02,0.012309182073779512,0.0,0.018431018038486124,-0.0016028094155539074,0.009466542018495172
2022-06-03,-0.010152017266979896,0.0,-0.016347313992415624,0.012682970897427648,-0.003022286735184121
2022-06-06,-0.0044037229040009285,0.009982768526815455,0.003137400778913113,0.005558774621279738,0.0
2022-06-07,0.006518420844169315,-0.001222403818248674,0.009523393173235029,0.0010051118958345207,0.006099934629730797
2022-06-08,-0.0009251975242893229,-0.0007764153258460471,-0.010793945785935621,0.01039007913581469,-0.004678559250024694
2022-06-09,-0.0031832564859568535,-0.015382563504214408,-0.02379869397635359,0.0004335237323633834,-0.01701799231764356
2022-06-10,0.013412283666592417,-0.021227387063819325,-0.029110303335524668,-0.014948393480034183,-0.033629126889083594
2022-06-13,-0.026412288230091452,-0.0152648029125384,-0.038768430665237275,-0.03007622611651406,-0.026867068371789204
2022-06-14,-0.008003209616781914,-0.0025395938249069827,-0.0037736797459957394,-0.013249870509059902,-0.007800162272483924
2022-06-15,0.013050939388113303,0.011951290760869648,0.014592504858983224,-0.01140446197906364,0.016442353444350744
2022-06-16,0.011243181594596585,-0.031402082301311585,-0.03251195148816344,0.003989912006786334,-0.02955852081051491
2022-06-17,-0.008222816311715064,-0.004073838937189489,0.002200865698254617,-0.017713884825092063,0.0030776913917300863
2022-06-20,0.0,0.015036415623163268,0.0,-0.007386638557755232,0.009123304486275519
2022-06-21,-0.0037367862070599722,0.00425458364454534,0.024477242280086964,0.01843489872764903,0.006965736457060334
2022-06-22,0.003985188163408093,-0.008794605987738069,-0.0013015723144006452,-0.003686604463975618,-0.008403007275865737
2022-06-23,-0.006129257292171064,-0.009690824552807231,0.009532217409177868,0.0008298122951144737,-0.00818262630305544
2022-06-24,-0.0009984622015154487,0.026821423643259124,0.03056329358583576,0.012254695634522639,0.028193162309119613
2022-06-27,-0.0011170700540719114,0.006866607665788171,-0.0029730715337762392,0.014317501418656509,0.0016161014227331627
2022-06-28,-0.0016480211262837052,0.008969056033508949,-0.020143036075892073,0.006631661807707356,0.002941652894340896
2022-06-29,-0.0007663579045243951,-0.0015157027889051156,-0.0007117454091590814,-0.009052712950930686,-0.00985266639757676
2022-06-30,-0.006077047294322124,-0.019556090945331728,-0.008759278267998716,-0.01535410164198292,-0.016919335683974412
2022-07-01,-0.0008310541616338707,-8.363569544234117e-05,0.010553814029047315,-0.017331081911098112,-0.0018958940809365998
2022-07-04,0.0,0.008927699339672301,0.0,0.008412808850521314,0.0011918485320099315
2022-07-05,-0.02120964335120412,-0.028647695842112464,0.0015841285142366157,0.010310549423254933,-0.026818824431911747
2022-07-06,-0.015842188833696924,0.011714440920574942,0.0035731642904301975,-0.01195226456237819,0.018456293420716863
2022-07-07,0.000555053276362516,0.011438179915412627,0.014964587965241805,0.014665391198416255,0.01948072101477627
2022-07-08,0.0004315313201161963,0.0009876198077372056,-0.000830271529819071,0.0010064033055445787,0.005174157611616659
2022-07-11,-0.005360507452973451,5.5571319987901546e-05,-0.011527461422777274,0.011129057574019052,-0.009941425884830934
2022-07-12,-0.0037167247224720867,0.001848067769088857,-0.009243878717321574,-0.017739642296293323,0.004424389182535515
2022-07-13,0.004787690503602615,-0.007420352671277497,-0.0044569025122100925,0.005395876855945003,-0.009486550999208365
2022-07-14,-0.014047055610919013,-0.016293122135064397,-0.00299863390215227,0.006217097571536101,-0.01660693745683417
2022-07-15,-0.0020084561635671516,0.016932327426858018,0.01920124935943668,0.0054452558297466425,0.02372655123821965
2022-07-18,0.0009433945063559435,0.008967760205685238,-0.008363571580831342,0.0,0.009967835251555979
2022-07-19,0.0023874693093759447,0.010120113993578261,0.02762829164595959,0.0064658033784210645,0.02152131112074951
2022-07-20,-0.009402031234323593,-0.004385784693145656,0.005895806193263242,0.0266519032365089,-0.0006132370737369497
2022-07-21,0.014110421925231709,0.0008535158899278805,0.00986137270919718,0.004434215408896769,0.0031434491308663937
2022-07-22,0.00249575020790771,0.0008114850895744041,-0.00933246697634671,0.0040161189889580395,-5.566377181076554e-06
2022-07-25,-0.0027385476219622396,0.004109161500884362,0.0013151670479691902,-0.0077167393421327946,0.002132613157780572
2022-07-26,-0.0011858106875901608,0.0,-0.01154320266205866,-0.001589900899843899,-0.0079907122297036
2022-07-27,0.010184984698782484,0.0057348304538664685,0.026156273782937722,0.0021890652953910905,0.00906759624232012
2022-07-28,0.012185323455280006,-0.00039470762199023124,0.012133338697180918,0.0035983319502448374,0.012312258927730912
2022-07-29,0.0028110896821249565,0.010632663027097866,0.014207760082581844,-0.0004975590396703033,0.015305883366664608
2022-08-01,0.0056672312077465925,-0.0013470916468938388,-0.0028230841271976725,0.006895599686394416,0.0
2022-08-02,-0.005938288400823777,-0.000580004416885771,-0.006662395550704803,-0.014239780025878113,-0.006329444789957117
2022-08-03,0.002438243761313297,0.00493988435489312,0.015638477163140152,0.005333261799446154,0.01300270523058078
2022-08-04,0.016539989487255546,0.00032232057171199813,-0.0007773401640558397,0.006859617598126366,0.005910200121869602
2022-08-05,-0.011246066300201418,-0.001127791280140511,-0.0016257460597355333,0.008723621078551957,-0.007779844542261327
2022-08-08,0.008470017618367853,0.00573943921263842,-0.0012375507238541195,0.002604040123263207,0.008544093113156626
2022-08-09,0.0030595386607856767,0.0007751915220319816,-0.004248692893594086,-0.00882428323051554,-0.011138515669018245
2022-08-10,-0.0025119508170524663,0.0025239579405984536,0.021290637641290244,-0.0064511111204117455,0.00914578612546757
2022-08-11,-0.0026382206776995876,-0.005488163841769311,-0.0007054739583503,0.0,0.0020536762295653155
2022-08-12,0.00919802099904432,0.004687981416548581,0.017322368774566943,0.026156287321856375,0.0052594481065773024
2022-08-15,-0.012867030834262327,0.0011065729548205283,0.0039695418998517695,0.011377694691056872,0.0033917667012672847
2022-08-16,-0.001750096754401964,0.0035822593144529957,0.0018756797165810912,-9.937526175640699e-05,0.004116468942328311
2022-08-17,-0.006468335614034371,-0.0026937398263942036,-0.007237794954094601,0.012257455272290274,-0.01291907235005163
2022-08-18,-0.0026164156896926194,0.0034726972956320434,0.002269561170191503,-0.009603090697817063,0.005676113769792046
2022-08-19,-0.007320625681104476,0.0011270369681462,-0.012900001139847905,-0.00040807440707402165,-0.012458321882650059
2022-08-22,-0.006637179344595956,-0.0021985719790943437,-0.0214000649197158,-0.004695075298422058,-0.01932812636315151
2022-08-23,0.0069908740848763085,-0.0060659571817685,-0.0022378626777133093,-0.011868586014690319,-0.0015581214955697753
2022-08-24,0.0029489200401788818,-0.00221686374911656,0.0029161604463010526,-0.004895108447338092,0.004090310614688342
2022-08-25,0.003062787136294043,0.001097529988957957,0.014091605518061545,0.005846653850237082,0.0019305127255404564
2022-08-26,-0.012152705301765265,-0.007005680609744158,-0.03368805871951874,0.005701430460057111,-0.019284075467566275
2022-08-29,0.0006182375550920494,0.0,-0.006666355799502699,-0.026619523884632845,-0.00920445836040129
2022-08-30,-0.008340578885610683,-0.0088457055402269,-0.011028155571448206,0.011356920415176441,-0.002405843385715367
2022-08-31,-0.007725314789180926,-0.010514005286485495,-0.007817025105971265,-0.0036903224179709593,-0.012540967471128761
2022-09-01,-0.008790162100319021,-0.01862938849481721,0.0029962320243361873,-0.015309191222915741,-0.01721516776689891
2022-09-02,0.008804709144487166,0.01856336228754274,-0.010736500458081055,-0.00038432010680466977,0.02536521331881869
2022-09-05,0.0,0.0008514677340201171,0.0,-0.00112945823441446,-0.015339742026673542
2022-09-06,-0.0058394619355668365,0.0017839010036788672,-0.004095056983834944,0.00024983664798838845,0.002902536893634844
2022-09-07,0.010168638866495439,-0.008574886101260337,0.018341016392734,-0.007102199519214647,0.0005571763907594729
2022-09-08,-0.006002292729855863,0.0033574143558119385,0.006610721877456038,0.023148798866217346,0.002938186815197863
2022-09-09,0.005283756568463582,0.012255408050451333,0.015271449816332883,0.005325822755722243,0.016416264235014744
2022-09-12,0.005068186218703863,0.01658253876622018,0.0105842727693497,0.011602419833597777,0.021419919627345685
2022-09-13,-0.01301133993119441,-0.011655305453800335,-0.0432366134006168,0.002540859311488841,-0.01654460784789613
2022-09-14,-0.003847613448870524,-0.014703705586612159,0.0033870120853238816,-0.027818346588567078,-0.0051921190240883375
2022-09-15,-0.018679143196684067,0.0006596255613460222,-0.011317739184353415,0.0020594485777813976,-0.00722342976936674
2022-09-16,0.005549107201315628,-0.006234451838743826,-0.007182134089448455,-0.011058285232558918,-0.011683393565610212
2022-09-19,0.0007700871329356929,0.0,0.006857100716286535,0.0,-0.00026280404241163513
2022-09-20,-0.005706587274526553,-0.006080119227337977,-0.011272103097361819,0.004380842383689965,-0.00925846407166897
2022-09-21,0.004642973675810236,0.006242426505279841,-0.017116493600784488,-0.013554007905070331,0.007147212408302739
2022-09-22,-0.0005776772692025478,-0.010790883248929628,-0.00842758097968943,-0.005832388167807623,-0.018537409020674467
2022-09-23,-0.01727683040546535,-0.019680131621446995,-0.017232619015461026,0.0,-0.022917008754723467
2022-09-26,-0.011633219026207842,0.00034193461806597547,-0.010340526208282075,-0.026599536595644513,-0.0018037504886676547
2022-09-27,0.002049841746687875,-0.005184432750854562,-0.0021203598092424114,0.005308744860878178,-0.004161527693193334
2022-09-28,0.02078665233491006,0.0029779521227677463,0.019672139926234733,-0.014974056577249928,0.001997850984476468
2022-09-29,-0.00019392836526865853,-0.017672053903172724,-0.021126437880238824,0.009477744999320192,-0.01686805053278262
2022-09-30,6.462244018679009e-05,0.0017728009268374034,-0.015066695771983274,-0.01834981878446995,0.011942492815845807
2022-10-03,0.024309785681440932,0.002175868233046163,0.025883894952576147,0.010740481143916458,0.007223787311147367
2022-10-04,0.014328122056449066,0.02572084882122838,0.030583700679551518,0.029616574696606168,0.04258013862859267
2022-10-05,-0.005538266375543777,-0.0047837299574895464,-0.002017948757084831,0.00475390325276126,-0.010549640110338654
2022-10-06,-0.00112629171222689,-0.007841121317388677,-0.010245080846639998,0.007034209483403497,-0.004138972901659321
2022-10-07,-0.010962851258976669,-0.0008860142060936882,-0.028003617786773516,-0.007146909911519339,-0.016889714735635608
2022-10-10,-0.015201476317757034,-0.004548682256661052,-0.00749246363390188,0.0,-0.005504458159782066
2022-10-11,-0.002058091550185215,-0.010647566774618533,-0.006519175777754405,-0.026362903509272284,-0.004924151513696962
2022-10-12,0.00534932850905423,-0.008569104503332814,-0.0032907731480149582,-0.00016741335637515675,-0.002640462257403331
2022-10-13,-0.006923532232980256,0.003530457455898972,0.02596564246086497,-0.006038988612579788,0.0092659747249495
2022-10-14,-0.012458897998479546,0.0012408216052359755,-0.02366266361565439,0.032523771250790645,0.0057488932567260065
2022-10-17,0.0028762090057179446,0.008952060473180312,0.026480052302171098,-0.011626499435599458,0.017715758636965617
2022-10-18,0.0021509701146735782,0.002384324085187073,0.011427569666488724,0.014205055231507169,0.006447561697180415
2022-10-19,-0.013398358104674823,-0.0016867090955446917,-0.0066720972934503076,0.0037280788817906085,0.0021392250607703556
2022-10-20,-0.0015822103586343728,0.0027292277752708483,-0.007950909706564868,-0.009187233475107304,0.006225472016533118
2022-10-21,0.017827646105301076,0.003715533537579141,0.02372481982226482,-0.004309291209934063,-0.004643833657400287
2022-10-24,-0.003243594030472474,0.006356055991804999,0.011881976654619875,0.003135682170299914,0.014715445121990633
2022-10-25,0.002277944142005106,-7.128599942973768e-05,0.016266654579669915,0.010208708920597331,0.016381371459923244
2022-10-26,0.006363608620383543,0.006074014066621558,-0.007387716072364547,0.006662704073489012,0.005502590944522323
2022-10-27,-0.001548523944967184,0.0024943095212177635,-0.006082610618211248,-0.0031569012457154377,-0.00022190846698966205
2022-10-28,-0.010210687443231947,-0.0036755869321729584,0.024626377895927698,-0.008778164447180492,0.002360933869671289
2022-10-31,-0.008161399648159207,0.006640436367969738,-0.00745440410765752,0.017792221885474913,0.0012510363924960188
2022-11-01,0.010203429757038585,0.012925533203537842,-0.004101230608784645,0.003315237476265054,0.00925490253244754
2022-11-02,-0.006972548399621914,-0.005858464350006809,-0.02500198485734284,-0.0005610514036975545,-0.007945727388629753
2022-11-03,-0.003806036048150885,0.006228916083440561,-0.010585992315429671,0.0,-0.007959690350735849
2022-11-04,0.030696289684813083,0.020337715973227644,0.013618724670070526,-0.01676043247590875,0.026480763083002623
2022-11-07,-0.003962389674382338,-0.004744479142465563,0.009613981920559844,0.012055276550420935,0.005549929173782386
2022-11-08,0.023099074133724695,0.0008356298159246656,0.005597892802462701,0.012513558815032022,0.008218286256327145
2022-11-09,-0.0050172660211307285,-0.0013413849848421533,-0.02077788695478977,-0.005585500738585547,-0.003008600562637076
2022-11-10,0.030444387121793204,0.01082740596120324,0.05543448436034493,-0.009753423553211737,0.0317942796504862
2022-11-11,0.006606324071935177,-0.0077691492149352115,0.009240746788147902,0.029784585597210755,0.005703782359314236
2022-11-14,0.002187655661719301,0.009182863529994645,-0.008935777048800997,-0.010617894556735341,0.004914051897537908
2022-11-15,0.0035168677995043307,-0.0021394535761912747,0.008713116550319144,0.000954789161669245,0.007094535591089857
2022-11-16,-0.0022961020109516506,-0.0024696321644129826,-0.008252046497990273,0.0013622946727880336,-0.008252698627213007
2022-11-17,-0.007267423593311895,-0.0006393779502151808,-0.0030893228355314273,-0.0034868495779586395,-0.0011229344410387254
2022-11-18,-0.006893636502166456,0.0053086503777308724,0.00475858190881473,-0.0011027623462530611,0.011968834461118183
2022-11-21,-0.005589952950737276,-0.0011644570653646102,-0.003883688698329779,0.001613616599935419,-0.003964507660263128
2022-11-22,0.00117372396636517,0.010288861628668045,0.013579987927526016,0.006117461523601264,0.005274596061767278
2022-11-23,0.006231840940288613,0.0016638566646054453,0.0059146891478476515,0.0,0.004208768536988927
2022-11-24,0.0,0.00018752375115527187,0.0,0.009508894560354975,0.003940272513708543
2022-11-25,0.000858470616118101,0.0026920013651943187,-0.0002830441976333642,-0.0035253577896500188,0.00010598761633295872
2022-11-28,-0.007903495498554403,-0.0016963675559563685,-0.015444192913123267,-0.004249870743629369,-0.006788773231548362
2022-11-29,0.004940425418036076,0.005084292213004993,-0.0015918653377758885,-0.004793205583406568,-0.0002719008099889564
2022-11-30,0.012781920270785507,0.008133665822184444,0.030947872397389053,-0.002099684089215459,0.007696147291055722
2022-12-01,0.01838479961277617,-0.0019278891692938727,-0.0008676332180498347,0.009191960152856282,0.004989010432776553
2022-12-02,-0.0034556830535615868,-0.0003042673397499751,-0.001194660488065602,-0.015878212144921133,-0.0016564431311958394
2022-12-05,-0.017158885635801036,0.001495434794661632,-0.017894212283564803,0.0015299932465142607,-0.005372149518967029
2022-12-06,0.0027373742314797944,-0.006091853010406378,-0.014399194981406072,0.002353264118443832,-0.004382650393710441
2022-12-07,0.009039101712364994,-0.004281078981216768,-0.0018623708845491027,-0.007153040451925774,-0.004643096508306632
2022-12-08,0.0008416965556858891,-0.002269935314406557,0.00752178195750397,-0.004044249217854845,9.43959796777527e-05
2022-12-09,0.003544160110315664,0.0005888362501997868,-0.007349578247904498,0.011843584140311059,0.0054446894883311
2022-12-12,-0.008260534556326027,-0.004092782448782084,0.014279296218109305,-0.002103138488281364,-0.005275691852088205
2022-12-13,0.017081132038632596,0.007641673696447748,0.0072896644387934195,0.004041311590454955,0.016576489648292503
2022-12-14,-0.0024330212847030186,-0.0009329725960776081,-0.006052724634100337,0.007203091089335478,-0.0029020721055702525
2022-12-15,-0.01635930934057528,-0.009298377504942001,-0.024921675023714007,-0.0037118530963555774,-0.035107152299700295
2022-12-16,0.008708721678036602,-0.012671365594971062,-0.011137750774080746,-0.018700474222052343,-0.008259230921059402
2022-12-19,-0.0028178306902848504,0.003982447953838397,-0.009007516001852345,-0.010516120998574907,0.001897984412819964
2022-12-20,0.016594482836064905,0.001263403640051175,0.0010373383615349674,-0.02458404299197625,-0.0022958407296366223
2022-12-21,-0.0016560135809358112,0.01718987672001626,0.014867993802734736,-0.00678667550894374,0.01831955173801303
2022-12-22,-0.012085358459954287,-0.0037346779146398834,-0.01445169956861636,0.00455319498230744,-0.012618277833633451
2022-12-23,0.002998321039039853,0.0004953871727277903,0.005868102525282026,-0.01028446078327716,-0.0016425720342198025
2022-12-26,0.0,0.0,0.0,0.006503431094615042,0.0
2022-12-27,0.008430011409881644,0.0,-0.004049622110409712,0.0015905554850828008,0.0041602937303995
2022-12-28,-0.004505807286929064,0.003238350771109344,-0.012020638322615351,-0.004059651840158107,-0.006279811028581328
2022-12-29,0.005598251568726287,0.0020674384565175785,0.01746133164481911,-0.009370743840284024,0.01083012567137831
2022-12-30,0.0046786689817972515,-0.008119583959714016,-0.0025407424823445934,3.181147487052449e-05,-0.014662058136497791
2023-01-03,0.008370656531798915,0.013741817257780342,-0.004000548879248611,0.0,0.023373432008457762
2023-01-04,0.0094119059589024,0.004116982467031294,0.007538970575044379,-0.01447203912701911,0.023614910457015803
2023-01-05,-0.012451461859522062,0.006367637431289985,-0.011645528874622113,0.004041761271636579,-0.0036462253970709346
2023-01-06,0.01870749684189077,0.008646099430143384,0.02284078102943865,0.005927346305856451,0.014736808354652187
2023-01-09,0.0022451175785793698,0.0032989028305410173,-0.0007676325452631305,0.0,0.012641161541157686
2023-01-10,0.0036760446135073455,-0.003935313431637666,0.006978233159061986,0.007765923824676113,-0.002742983106939656
2023-01-11,-0.000686793935011365,0.003963870296965322,0.012849424614881588,0.010331754028369389,0.010425193370910302
2023-01-12,0.011568000967502767,0.008932038834951417,0.0034159058663651987,0.00014445710126298472,0.006566338443039443
2023-01-13,0.012001783992939385,0.006428034084712708,0.003996858363534361,-0.012487827038049959,0.0058448020875967455
2023-01-16,0.0,0.0020397495953399236,0.0,-0.011378433603819738,0.0014937350882349154
2023-01-17,-0.00654507834469964,-0.0011577584945723363,-0.0020304911890052235,0.012251392251797721,0.0041688905761365636
2023-01-18,-0.0028717524486322477,-0.0025856330005731287,-0.015562598500411085,0.024960688945471432,2.3394472448146075e-06
2023-01-19,0.015868520044824974,-0.010650438472273982,-0.007638350296294338,-0.014403604039439077,-0.019179036075127942
2023-01-20,-0.003335405556458948,0.003007537278298278,0.018918401045981525,0.0056162671369413,0.006257479425821
2023-01-23,0.0018964337632443318,0.001814544240991589,0.01188134498366522,0.013275439271512868,0.007505017745069509
2023-01-24,0.003618515163479552,-0.003506916423729245,-0.0007115031258156934,0.01461197576171469,0.0005300628323259282
2023-01-25,0.004603959599926544,-0.0016113646527651238,-0.0001817250594663422,0.003510005770117619,-0.0011823097955001582
2023-01-26,-0.009055266877154966,0.002091724298153519,0.011007853469181317,-0.0011775781757698,0.006236603667733265
2023-01-27,-0.0013929904624704337,0.0005282882071691031,0.002494840970949097,0.000723996925564796,0.000965453877380007
2023-01-30,-0.002566715270248765,0.0025369219769943996,-0.012968740984683369,0.0018566504641874815,-0.0046385441632880164
2023-01-31,0.0036362115419990015,-0.0016955525693113094,0.014642470285510134,-0.003874511147415882,0.0011591107253670074
2023-02-01,0.012596814339808304,-0.001363935482565748,0.010452303944590291,0.0007235117371429123,0.001919020456338183
2023-02-02,-0.02075193653580043,0.007614912436717303,0.014699373244309921,0.002017411863484586,0.016704106198340618
2023-02-03,-0.024957770292002968,0.010434465529912007,-0.010354610691310495,0.00391978531488224,0.003975332651608765
2023-02-06,0.0020754098721176284,-0.008238579941797775,-0.006140463017754394,0.006695494816981951,-0.01233678537644678
2023-02-07,0.000920425708082595,0.003572932395289108,0.01287251059802652,-0.00029536328308565896,0.0009178240383282965
2023-02-08,0.002471594120761589,0.0026065837846200868,-0.011080724476164705,-0.0028538350123150646,-3.804809999041758e-05
2023-02-09,-0.007912418174625069,0.0032973164099823205,-0.00882979617773516,-0.0008009475816208589,0.009738364117698906
2023-02-10,0.0019071943211166342,-0.003627792825860343,0.0021952617756952897,0.0031405800971127107,-0.01228199391862883
2023-02-13,-0.005076170279846859,0.008258813530764408,0.011448609342766147,-0.008805620622123422,0.010343149849936895
2023-02-14,0.0007537389032514774,0.0007926675487053281,-0.0002804145319874607,0.006396877884932817,-0.0006130339655353589
2023-02-15,-0.00996466725346834,0.005519292785016505,0.002773175690496066,-0.003655798239222241,0.009738762213482799
2023-02-16,-0.0008192368783922488,0.0018380299171634196,-0.013788741489130674,0.007075160827194171,0.004018699627928557
2023-02-17,0.002986790669610162,-0.0010109326248050055,-0.002767405825327751,-0.0066184895015203304,-0.005194103955709184
2023-02-20,0.0,0.001236807563906428,0.0,0.000683622443630183,-0.0008748107946100481
2023-02-21,-0.003737004613899475,-0.004554359194130941,-0.020041234255327334,-0.002137148523451371,-0.0048652298854845455
2023-02-22,-0.005626488586046308,-0.005916381481961608,-0.0015735561458868341,-0.013423286855814287,-0.0017692498833117298
2023-02-23,-0.0005304511136865475,-0.0028875371424310625,0.005329429416074394,0.0,0.003601391945927901
2023-02-24,-0.00719467575637045,-0.0036673115170945403,-0.010537551485558128,0.012882084930533111,-0.018632538260637488
2023-02-27,0.003920334893926292,0.007158528811301412,0.0030730045671669703,-0.0010752564245397611,0.01655729232575509
2023-02-28,0.00455596886271592,-0.00741015138373835,-0.0030360018281855305,0.0007876181498445156,-0.0022669163546715776
2023-03-01,0.005772150633673867,0.004900790804494015,-0.004725264845680033,0.0025858007118779724,-0.005339276666602943
2023-03-02,-0.0005855636445488699,0.003676622321860723,0.0075821940867943916,-0.0006418017352212146,0.005892152938385742
2023-03-03,0.010723085619275707,0.00039024391443232,0.0161477371607488,0.015586152299870815,0.012783589768153858
2023-03-06,-0.005043830646819902,-0.0021769315544235557,0.0006871667698291617,0.011111231555791301,0.004419293408748581
2023-03-07,-0.017480480627863337,-0.0012988732302436912,-0.015326919115337678,0.002527849609721189,-0.008071766745851305
2023-03-08,-0.00047445044105887124,0.0013132018869561612,0.0014147940136839399,0.00476980935251059,0.0022178834253268054
2023-03-09,0.009849316056938173,-0.006292627013993135,-0.01845935787384867,0.0062916518607400995,-0.0005433380402894983
2023-03-10,0.021562856843419187,-0.016700520007138286,-0.01447813845705137,-0.01674098346829589,-0.01320316054706927
2023-03-13,0.022948211912439564,-0.025785943834295888,-0.001509761003189447,-0.011050671168815085,-0.031443151567458916
2023-03-14,-0.005791064746217711,0.011724028144963983,0.016476655480623936,-0.021949582596398898,0.020243955872631725
2023-03-15,0.007804133170404848,-0.03831298449866405,-0.00698088356543769,0.0002733596198623012,-0.03458579330350697
2023-03-16,0.002020092008242713,0.008918238137381795,0.017562006217166637,-0.008038019454729928,0.020337468941791892
2023-03-17,0.02912021467749004,-0.010067489562247012,-0.011019457310067593,0.011964916563456773,-0.01262818631157292
2023-03-20,0.0003808677357699519,0.009338277518873062,0.008918403718310097,-0.014199244010318024,0.013389930054289456
2023-03-21,-0.018875115806276654,0.017869000758217846,0.012982193897784988,0.0,0.015094400901219052
2023-03-22,0.01702060989813825,0.0040603498556253115,-0.01646322377571363,0.01933295607922858,0.0033719383314900764
2023-03-23,0.01253817608562513,-0.008880862288654812,0.0029845287333754023,-0.001711168617804737,0.0027265869518109387
2023-03-24,-0.011252350246951037,-0.012547348716054563,0.005639807253104534,-0.0012530949850557693,-0.018188131853133283
2023-03-27,-0.009256722051406263,0.008952778973398079,0.0016469543057482383,0.003345565244976756,0.008231209609067092
2023-03-28,0.008189093257242153,0.001672957028661104,-0.0015738434957162095,0.0015060252739573787,0.0008619858832223937
2023-03-29,-0.00496077000653139,0.010689042674358884,0.014237268879836451,0.013283159244319664,0.015128810492925915
2023-03-30,0.009039576549164652,0.0074164296900931515,0.005715269388667954,-0.0036167840916134786,0.012797553002714901
2023-03-31,-0.005212246135594234,0.001482900256359887,0.014436542471763847,0.009306102133869842,0.006914114218131484
2023-04-03,0.007204410308019105,0.005411612567389312,0.0036988464765423945,0.005230462850863038,-0.0009269881417486303
2023-04-04,0.018640958960437493,-0.0050175941613449515,-0.005796972083329965,0.003521675948025882,0.0009904825331887857
2023-04-05,-0.0007979247786650268,0.003719942673881649,-0.002492370531228194,-0.016762227080431846,-0.003930174732893699
2023-04-06,-0.00713409106547247,0.010270288835226626,0.0035791630944272956,-0.012246996904368257,0.0025801311160540408
2023-04-07,0.0,0.0,0.0,0.0016627343676629547,0.0
2023-04-10,-0.007399886547073464,0.0,0.0009963029974375814,0.004191740229783081,0.0
2023-04-11,0.006320556237305208,0.005696509390817228,-4.1352477946232646e-05,0.010483916453227327,0.005531991940858516
2023-04-12,0.004885138866613126,0.005021977265261324,-0.004134884052006904,0.005705976142155178,0.00017071234260379597
2023-04-13,0.013515672558895409,0.002377070100261003,0.01326268999363811,0.0026447416538013524,0.006739789679986563
2023-04-14,-0.017710313033589165,0.003633628318694182,-0.0020693734728036706,0.011950859470925002,0.006304893644926812
2023-04-17,-0.0044537552497120325,0.0009654718366003401,0.00330615690296554,0.0007478412851846805,-0.00527020138216705
2023-04-18,0.003880780603893852,0.003794644627673094,0.0008552202959737354,0.005051793659359927,0.006030834450827305
2023-04-19,-0.004778520212877502,-0.001340189873710762,-8.42619976980652e-05,-0.0018169029356067679,-8.656700163689468e-05
2023-04-20,0.003938259199047112,0.0004811228367245235,-0.00595254815297297,0.0017761727399849825,-0.001982433712442222
2023-04-21,-0.009887669268098143,0.0014552172522825924,0.0009031888869577287,-0.0032522356521741402,0.005411799055989208
2023-04-24,0.003039335460481629,-0.0002400654932722679,0.0008515791660903549,0.001020515821003709,-0.0015401838917099564
2023-04-25,0.005086318131183543,-0.0026667800530060237,-0.015810858882773227,0.0009285593968584305,-0.005440889657395531
2023-04-26,-0.0054373863086724095,-0.004878914159438308,-0.003841187197329843,-0.0071138752334258815,-0.006884689070300931
2023-04-27,5.410039265307809e-05,-0.0026742734557777537,0.01956614972249704,0.0014501795386738792,0.0023782275825432464
2023-04-28,0.0002706525128974846,0.004979825260954307,0.008253202753460531,0.01401237802954669,0.00028917840840048115
2023-05-01,-0.004491351825477108,0.0,-0.0003861064902076494,0.009243698787173571,0.0
2023-05-02,0.019296640909943763,-0.012400591625194357,-0.011586262936400304,0.0011938782654603575,-0.014786734614214092
2023-05-03,0.008479075840785333,0.0019812044697993247,-0.006998305064656485,0.0,0.0035694093568867657
2023-05-04,0.00703295344911492,-0.01101635840009707,-0.007218732334382416,0.0,-0.005371095796663283
2023-05-05,-0.015647950479605433,0.009840807484029268,0.018474751389515376,0.0,0.012456267696085987
2023-05-08,0.0012269055761324754,0.0,0.0004521286642489297,-0.007135905128787368,0.0018937585054044082
2023-05-09,0.007086162362163861,-0.0018383992681054728,-0.004579421277258522,0.0101188483140211,-0.005877699784471946
2023-05-10,-0.001428442843921296,-0.002936630476419677,0.004483965263404999,-0.0041254784494377805,-0.0037774089170524716
2023-05-11,-0.008582755587748347,-0.0013821589786215949,-0.0016966239932159066,0.00015592979899614612,0.0006943118580393648
2023-05-12,-0.0017100802429794726,0.0031045455329239413,-0.0015833068345566526,0.008980759653349324,0.0018863931347525842
2023-05-15,0.0021412620336231925,0.002978889609437374,0.0029581644391338813,0.008099789922249245,-0.0003403815303779645
2023-05-16,-0.0124993937971285,-0.003420046670387422,-0.006377683373153031,0.007312762621627167,-0.0002085970962921735
2023-05-17,-0.0034618889303413836,-0.0035994764604041496,0.011890829058788244,0.008397268752457165,0.0017889462110003418
2023-05-18,-0.012972911279784172,0.0024730175176077562,0.009445048649426635,0.015961533543986883,0.0
2023-05-19,0.0098988291245512,0.001885757207104044,-0.0014458676054706077,0.007667314089848221,0.016670365570266465
2023-05-22,-0.002341497915543389,0.0018177490793698237,0.0001550346964389604,0.009038806254011877,-0.0022000596784518267
2023-05-23,0.001200731149241463,-0.0010294685368678058,-0.011222026747550129,-0.004151302061539797,-0.00986175330697625
2023-05-24,-0.008068450017086337,-0.01750610618881232,-0.007318600335353365,-0.008885971047504326,-0.018109803969192595
2023-05-25,-0.009618027091793824,-0.007368487969597992,0.008757581265902425,0.003860522388572818,0.001383738694065828
2023-05-26,0.003995567330169925,0.007436406991898181,0.01304908677799732,0.0037394629445868244,0.01589357910931599
2023-05-29,0.0,0.0,0.0,0.01026087880518678,0.0
2023-05-30,0.006190554546333882,-0.013779643245871775,1.660326849850513e-05,0.0030294707737301696,-0.010586725504322714
2023-05-31,0.0015382006614657051,-0.010103561374260384,-0.006108624209833935,-0.014053787221435798,-0.017135888815717926
2023-06-01,0.007898130346476018,0.005935953915682912,0.009854453563032717,0.00842171424560667,0.009381092605167618
2023-06-02,-0.014747450675273499,0.01562020253538865,0.014534424705965554,0.012078169370397074,0.015480553260275531
2023-06-05,0.006020416015011243,-0.0009595789406120492,-0.0020035816359177394,0.021989726277556576,-0.007003502937297124
2023-06-06,0.0010980396887692034,0.0036973812705591858,0.0023538963079141606,0.008981151264443099,0.000461185575616474
2023-06-07,-0.012010543410059138,-0.0004981965260153487,-0.0038120096998572883,-0.018243550278664866,-0.0007706376921748914
2023-06-08,0.013211240429905624,-0.003226474562277315,0.0061886426142414575,-0.008537723912144801,0.001344394295590634
2023-06-09,-0.0026845203333208945,-0.004908126901079224,0.001148059539441082,0.019717931671762168,-0.0018359059762551588
2023-06-12,-0.0008788640365902101,0.0010975739283738406,0.009321148810237156,0.005232579854183239,0.006224126372006644
2023-06-13,-0.007367558613950331,0.0031832735088257458,0.006932489951473775,0.018025788909786122,0.007195561353331215
2023-06-14,0.0005539277015322863,0.0010402368499724535,0.0008194255259321714,0.01465152150051563,0.006539355972551952
2023-06-15,0.007030581691497062,0.003367173335439899,0.01217813742034668,-0.0005054438694963581,-0.002481698574884006
2023-06-16,-0.0015392159510750902,0.0018877588707448822,-0.0036716195284263176,0.006587625119790053,0.006803869363023685
2023-06-19,0.0,-0.007091759970611289,0.0,-0.0099583300304239,-0.0073814041766813165
2023-06-20,-0.010350739592973501,-0.0025301700352506895,-0.0047351076976228645,0.0005540319903432067,-0.004410378419713812
2023-06-21,-0.0014464228474878604,-0.001334285817130132,-0.005245281583003636,0.0055776144797328175,-0.004694791343793692
2023-06-22,-0.009916979914319946,-0.00756696394255707,0.003710798414438443,-0.009240816657041129,-0.004228739842981888
2023-06-23,0.0027572461643308177,-0.005345254286357015,-0.007658808766684566,-0.014530034668461922,-0.007634006026846829
2023-06-26,0.0017396047357047806,-0.0011122910781600215,-0.004486838293256468,-0.0025236312263213767,0.0020975606912325695
2023-06-27,-0.004593535884055422,0.0010598774069237038,0.011455854954693034,-0.004907838116005592,0.005767909979311314
2023-06-28,-0.002307409851291853,0.005226831066139415,-0.00035407668843834283,0.020150333515910557,0.009172555554093798
2023-06-29,-0.001071764681377263,-0.0038397179771348933,0.004473544672805918,0.0012096269785297764,0.0022878051455779147
2023-06-30,0.006663323502016594,0.008003506982924291,0.012269004495714109,-0.0013570852638828956,0.010195881438441079
2023-07-03,0.0011218766110339118,-0.0005576837698333392,0.0011706778016009611,0.017002271787301737,-0.00021366724473370624
2023-07-04,0.0,-0.0010096063093258945,0.0,-0.00980076964632659,-0.001627881752037319
2023-07-05,-0.00353003237800964,-0.0103195733394561,-0.0019683184132291975,-0.0025078992749671958,-0.009173391715190937
2023-07-06,-0.002980200124891419,-0.021714313908132277,-0.007922511336500904,-0.016967659229543575,-0.029333170524656227
2023-07-07,0.007500997402107412,-0.0032415490222168497,-0.0028651005386203243,-0.0117352509739993,0.0031991395888117946
2023-07-10,0.0007836956455820054,0.002328804664687656,0.002405026057131332,-0.006134583088778789,0.004699444722140456
2023-07-11,0.0037476125602418087,0.0011961004627722982,0.0067422110558885695,0.000429945934571796,0.007059843539284794
2023-07-12,0.013541420874312982,0.018345361847751374,0.007411233485312474,-0.00806247948536376,0.01723990830260136
2023-07-13,0.0007146999149640898,0.003249699618248947,0.008470153458069118,0.014882339000734435,0.00717809702827088
2023-07-14,-0.0031866482531698326,-0.0007526810447624488,-0.0010244071333035398,-0.0008658510966251809,0.001901310204079909
2023-07-17,0.0007165567329587841,-0.003793101840324997,0.0038553825145495324,0.0,-0.009845168771864587
2023-07-18,0.011456278139590825,0.006386408186490389,0.007117275205842377,0.003168473845031272,0.0029700631176237113
2023-07-19,0.00016335645500209495,0.018044728990385783,0.002357910335732072,0.012375884120524594,-0.0017049555340490352
2023-07-20,-0.005063389149303488,0.007630254981875195,-0.006756896218903741,-0.012327071179749072,0.0026248191029520918
2023-07-21,-0.0030645332195953223,0.002301839817875795,0.0003240945218980773,-0.005733042559410095,0.0040423564921021615
2023-07-24,-0.004281473326684049,0.0019442178013258093,0.004034153877153557,0.012279791455458655,-0.0019083553563820077
2023-07-25,0.005567859975790901,0.0017190251951366697,0.002814673351556163,-0.0005635828146900446,0.001886827134795599
2023-07-26,0.0048791150253857385,-0.0019371152034755035,-0.00015543889679858758,-0.00043356284375395404,-0.010281671566936712
2023-07-27,-0.01571197400361901,0.002071135816020808,-0.006424666064487883,0.006820680621229425,0.023305693852823106
2023-07-28,0.007981390400291666,0.00019498752574920175,0.009877842794752345,-0.004011098631768073,0.004285624729026383
2023-07-31,0.0026944104889448095,0.000662841036314088,0.0014687129405193122,0.012606776024362443,0.0010769189731894002
2023-08-01,-0.010364679607279492,-0.004299049026687651,-0.002665087639215691,0.00917512866093717,0.0
2023-08-02,-0.004765602229612864,-0.013657137041161893,-0.013839541336347905,-0.022967958941442768,-0.030150013492052152
2023-08-03,-0.0003341470787491252,-0.0042847944780619596,-0.0025479738404268204,-0.016767010003441385,-0.007349271806180058
2023-08-04,0.003620414278603157,0.004675092455791674,-0.005300074155050516,0.0010407790179629561,0.006569734032284114
2023-08-07,-0.0022753962847783527,-0.0013087492030507963,0.00902409277936278,0.0019200145024889093,0.0010592981586241557
2023-08-08,-0.006341080194621318,-0.0035872787949235985,-0.004218283044793103,0.0038049972947744592,-0.011216115814121075
2023-08-09,-0.00475820704444585,0.00795758204969288,-0.007038730380597102,-0.005341984748665207,0.006640470014168454
2023-08-10,-0.0010686044760203073,0.004125353389807129,0.00025071394456976925,0.008362860268996464,0.01545167029861938
2023-08-11,0.0,-0.012390714978305573,-0.0010696923700230787,0.0,-0.01430414877116637
2023-08-14,-0.003040588549344525,-0.0022593763534615174,0.005750475751703066,-0.012740798444219381,0.0020595284745319464
2023-08-15,-0.002654474343068869,-0.01566497423762314,-0.011550909428841738,0.005582687782894835,-0.009620772207921013
2023-08-16,-0.005776029417432049,-0.004425164404075366,-0.007555395210577687,-0.014642883280044594,-0.0010026197225979638
2023-08-17,-0.0015378724223797935,-0.0063477426159315176,-0.007712913029036983,-0.004432936979990698,-0.013173759158258025
2023-08-18,0.00017112823031739666,-0.006538848689725429,-0.00014870682600087726,-0.005541017971763762,-0.0035195082435998115
2023-08-21,0.002737670236275802,-0.0006334128825328245,0.006879188518795987,0.003652721277040971,0.0028293526679386005
2023-08-22,0.0016495566176504273,0.0017911764377414041,-0.002777466728829614,0.00922111215666166,0.008402625173157263
2023-08-23,0.01016464068195777,0.00683558846998622,0.011044879965972587,0.004819983721051635,0.0014786989191584166
2023-08-24,-0.00022482031744353037,0.0017895085931629584,-0.013457974663146133,0.008651950152944732,-0.008074143925366317
2023-08-25,-0.0012932863561120334,0.0006817933802523157,0.006717966037625089,-0.020532329097990853,0.0009521681178394914
2023-08-28,0.0028713533365909427,0.0,0.006264619755036449,0.017256075067422216,0.013559148163174939
2023-08-29,0.009768091768254772,0.017223980140860684,0.01450830719454621,0.0017712305268005046,0.0076345227263345805
2023-08-30,0.0025018747942815445,0.0011654648777628118,0.003833182103508026,0.0033043823869141065,-0.002579506085979899
2023-08-31,-0.0016637258183913595,-0.004629580629679442,-0.0015969365120942491,0.008841580763735646,-0.004217586932428019
2023-09-01,0.0004999240959600026,0.003414378353606473,0.0017991292600010311,0.002798318338514516,-0.003367315945571603
2023-09-04,0.0,-0.001567445282671276,0.0,0.006987350067952036,-0.0006468018425130895
2023-09-05,-0.008161685723844458,-0.0019992355536476714,-0.004194177587506065,0.0029624912391801317,-0.002502403260905006
2023-09-06,-0.004534245193468567,-0.0015864430608674152,-0.006971599351452862,0.006182743158633208,-0.0072380490527539365
2023-09-07,0.0010684498647577367,0.002100712009143635,-0.0032112659361860363,-0.00751906559349147,-0.004067647347521075
2023-09-08,0.0003370270596214642,0.004904793130874996,0.0014266227216406246,-0.011646733089296424,0.003830809093579246
2023-09-11,0.001853109993606994,0.002500562507402604,0.006723453106275201,-0.004265365143984012,0.0040451660076068485
2023-09-12,-0.005156651253074851,0.00408170017672016,-0.005695885604828921,0.009505162362687614,-0.002834772660391449
2023-09-13,-0.0023100098564432514,-0.00019926934573233357,0.0012416323054647016,-0.002131156078877816,-0.004429241650340865
2023-09-14,0.0005082241752882855,0.019545588314675788,0.00842991886716793,0.014112844713084716,0.0133231410570116
2023-09-15,0.006603816566220333,0.00499143816711034,-0.012159612938677844,0.011004195719861665,0.003574929537356164
2023-09-18,0.005887647601878543,-0.0075861712193423525,0.0007212876971294246,0.0,-0.011448044635323451
2023-09-19,-0.0009476457412548323,0.0009539250561103607,-0.002151010615372817,-0.008663084772492113,-0.0007488877659661552
2023-09-20,0.0007253927124595272,0.009333959710837947,-0.0093947947580596,-0.006582176502446524,0.007844010565021486
2023-09-21,-0.007248413758109917,-0.006867842300512739,-0.01640093410321941,-0.013709876216098094,-0.014824703812528317
2023-09-22,0.0032013033173832195,0.0006902045451120387,-0.002295598477193961,-0.005176966901723867,-0.0012889190976083098
2023-09-25,-0.005150588926742139,-0.007795507893781806,0.0040230650909416354,0.008524334549284251,-0.009457695353809914
2023-09-26,-0.007990985893820302,0.00022300568107302965,-0.014734533990868215,-0.011125572895551827,-0.009164038790013707
2023-09-27,-0.012366647894697436,-0.004261903716065052,0.00022931406074522265,0.0017592300801205774,0.0006054470605723061
2023-09-28,-0.004997187509914736,0.0011457233850651338,0.005893173970516585,-0.015426368342577157,0.007231896357236867
2023-09-29,-0.01027534966921384,0.0008156112803574533,-0.002709582086142026,-0.00046749961547254415,0.0031478814367218444
2023-10-02,-0.010498705650611395,-0.012802132082062823,7.936755559079245e-05,-0.003067971929056168,-0.008870248607437126
2023-10-03,-0.0028882419805683623,-0.0053923068351572345,-0.013744071674259506,-0.016433985019056907,-0.010160356559803962
2023-10-04,-0.00011825651470720455,-0.007724049396789501,0.008109754957160709,-0.02276265996407989,0.0010401455404973614
2023-10-05,-0.0018327868021307259,0.005261382799325531,-0.001304030159777203,0.017967067063012987,-9.76598205937318e-06
2023-10-06,0.005153083621109555,0.005784083426994657,0.011814893014644445,-0.002596573450729389,0.010883459611493507
2023-10-09,0.01838544744893622,-0.0003202175316199263,0.00630385429964031,0.0,-0.007687510758096927
2023-10-10,-0.0016780958953311886,0.01815221116022614,0.005207990781392224,0.02425769904616293,0.022530962442103286
2023-10-11,0.007303045938392039,-0.0010749842823395417,0.00429300817103373,0.005984290974720752,-0.0010534919140751109
2023-10-12,-0.0030496507265770356,0.0032545675442914312,-0.00624643434611849,0.01747687504743456,-0.0006117464145476426
2023-10-13,0.03214825984540237,-0.0059124775253807105,-0.005018858888767519,-0.0054984394671576675,-0.014794297494468145
2023-10-16,-0.004864928190345896,0.004079162008743031,0.01059436938392988,-0.02032928382312671,0.003321892426831452
2023-10-17,0.001854273768354009,0.005844900412216525,-9.824505308242415e-05,0.01204268652869378,0.0005927816886701631
2023-10-18,0.014470816805260078,-0.011361292616934748,-0.013399820506516447,6.120224122119211e-05,-0.011188916775273006
2023-10-19,0.012274016037125302,-0.011663152345809169,-0.008482848196321058,-0.019088261884699143,-0.003782346615171406
2023-10-20,0.0027308974274993236,-0.012987519480465393,-0.012585283719027562,-0.005448819345834743,-0.01605008525729268
2023-10-23,-0.0033770637265357895,-0.0036881820846214053,-0.0016855698941634634,-0.008311385739970922,0.004241348044890847
2023-10-24,-0.0001093308866343401,0.0020204467944375804,0.007265792222727274,0.0020257980048854485,0.005844032210676087
2023-10-25,0.004208823642007475,0.0033289049250744274,-0.014339628627712542,0.006682376417441072,0.001962916103262602
2023-10-26,0.0015784524505004782,-0.008051968305018642,-0.011832519778109618,-0.02136687994946218,-0.005879729151265556
2023-10-27,0.011629799758344106,-0.008606898013247877,-0.004800280229768528,0.012741421094093708,-0.008653083362202496
2023-10-30,-0.005640547017974562,0.004951119638921142,0.012010022325859904,-0.009509920911887626,0.0034775058948224302
2023-10-31,-0.005456562573315615,-0.0007778621485401427,0.006474957307233353,0.005273768703182302,0.008142364129840152
2023-11-01,-0.003150642851826535,0.0028271721702701758,0.010505999486313922,0.024070916144078636,0.007532366161871806
2023-11-02,0.0033240729584833595,0.014177938962847803,0.01885855702012762,0.011019685050319694,0.019040977242714696
2023-11-03,0.003638921283475316,-0.0038675625713422424,0.009393730253031363,0.0,0.0012110946670380596
2023-11-06,-0.007792560392528958,1.3428606222554151e-05,0.0017529924220356374,0.023743112383502796,-0.0038397730733763513
2023-11-07,-0.0041451308444235835,-0.00105149840827079,0.0028401189192852616,-0.013350059372742473,-0.0012672458683593568
2023-11-08,-0.00996764391222027,-0.001120081604251033,0.0010049156221052513,-0.0032641432286730776,0.0060481287433420405
2023-11-09,0.003982968433291267,0.007295621083679871,-0.008083839306732843,0.014921758978770017,0.012135952962227137
2023-11-10,-0.010909752197912237,-0.012755354314815448,0.015616441094852496,-0.0024000017230044746,-0.007528688773480341
2023-11-13,0.005570720464602719,0.00885793361495213,-0.0008358389332403515,0.0005219830173208706,0.00829809195768405
2023-11-14,0.00891917710567891,0.001979611045159091,0.019075017703661823,0.003400949532642139,0.01406606845668179
2023-11-15,-0.002635601473798599,0.006236126919393792,0.0015970120755575135,0.025194864899802383,0.005547791822530623
2023-11-16,0.011286077178189302,-0.010137694283850363,0.0011904273935798848,-0.0028427779699973232,-0.0030308190407440927
2023-11-17,-0.00010890234740634774,0.012589367789434647,0.0012820490603360213,0.004810528046668816,0.008906511982520904
2023-11-20,-0.0016333808174913145,-0.0010527167822926842,0.007390278097329839,-0.0058706803394491525,0.00037784464769385906
2023-11-21,0.010797900632885549,-0.001920909040518004,-0.0020209310950652926,-0.0010150531112852468,-0.0024203733705630004
2023-11-22,-0.004262252597286853,-0.0016706762897621408,0.00406112922094648,0.002928796790128585,0.004644640375142117
2023-11-23,0.0,0.0018876896253094966,0.0,0.0,0.002136893820746222
2023-11-24,0.005201596914642614,0.0006146904693224986,0.0005968736678840791,0.005192634744831226,0.0024717915383403177
2023-11-27,0.006737817869841178,-0.003672444550456122,-0.001954157460090089,-0.00528941457244636,-0.004046097072602062
2023-11-28,0.01333185296040651,-0.0007371962223405859,0.0009801185306033133,-0.0011744090933085705,-0.0014675091434779297
2023-11-29,0.0014794398574644596,-0.004252091759042509,-0.0009462486392383118,-0.002609280883311027,0.0051770151756169724
2023-11-30,-0.004167950375202456,0.004081606343032229,0.0037840728581564065,0.004971963247892841,0.002732032562288822
2023-12-01,0.017271494075951743,0.01014249102970366,0.005873742123607695,-0.001653748831748958,0.00822357004485319
2023-12-04,-0.021613426463259477,-0.002178115461584751,-0.005408509126972105,-0.005989624076367828,-0.0008056042650833595
2023-12-05,-0.0037794459254784085,-0.003088006829828349,-0.0005688697261614362,-0.013705441446397515,0.008566308235799402
2023-12-06,0.0036868953454944897,0.003417994916263156,-0.003906202808869552,0.020444282358493604,0.0068473660126195934
2023-12-07,0.0016503277504122948,-0.00022616321863588862,0.007968189065892917,-0.017568367758098113,-0.002116706724538231
2023-12-08,-0.013340391114851191,0.005430054916611304,0.00409549786994079,-0.016752207959197962,0.01107344339253502
2023-12-11,-0.011042895165362165,-0.0012707786956449585,0.003924494286698943,0.014979061306193309,0.0037317545323762857
2023-12-12,-0.0005446421195114404,-0.0002783466558115011,0.00459935752021523,0.0015826650645449636,-0.0007885304736592325
2023-12-13,0.022562533466176315,0.0007424428330671251,0.013650676351045998,0.002516535765338279,-0.001415136427525332
2023-12-14,0.0058625529824696265,0.013327340755358463,0.0026470624846992585,-0.007292079173856991,0.0019800968523993046
2023-12-15,-0.009166511771857122,-0.009491449556314535,-7.62494933082003e-05,0.008697870855482126,0.0022646887975732444
2023-12-18,0.00454548718457537,0.00502878651435279,0.004528344366900416,-0.006416948079020823,-0.0062227568576274095
2023-12-19,0.006813940578695332,0.0030862170858230176,0.005866407818910568,0.014054471465899221,0.003156294975178442
2023-12-20,-0.005445982936103211,0.010172845681133857,-0.014684266911006771,0.013743502594728785,-0.0003483878288623732
2023-12-21,0.007070635455129759,-0.0027217231707316047,0.010301467821202559,-0.015900747949116556,-0.001976249891898596
2023-12-22,0.004434417088942322,0.0003638614392287298,0.0016600585268868873,0.0008624510252288609,-0.0007491167770755647
2023-12-25,0.0,0.0,0.0,0.0025620410216271594,0.0
2023-12-26,0.00762073325107937,0.0,0.0042316894655107795,0.0015583167078427884,0.0
2023-12-27,0.004537842226414401,0.003572588502760654,0.0014304577464787638,0.011270893886186073,0.0015281905310502442
2023-12-28,-0.005815437657636924,-0.00029770934466022414,0.0003701746080437829,-0.004204631264368874,-0.0030916134163427866
2023-12-29,-0.001566841018672216,0.0013596280749541556,-0.0028264750133749628,-0.0022495548932739418,0.0016104137710981625
2024-01-02,-0.002353909884146743,-0.001512982338100044,-0.005660579005492328,0.0,0.0
2024-01-03,-0.008336809604204354,-0.005076759089878924,-0.008016314922730805,0.0,-0.01625955594066264
2024-01-04,0.0010046128932528209,0.005310947763826457,-0.0034283812973570083,-0.005255854325544984,0.005818149086091129
2024-01-05,0.0001584554095515056,-0.004337636386477328,0.0018256861788026324,0.0026776026948291953,-0.0023468880378121337
2024-01-08,-0.007816271130823171,0.0005982232623062966,0.014114629309846638,0.0,0.004922183662047663
2024-01-09,0.0003193567900841021,-0.0013256992349528485,-0.0014779006799081618,0.011557447844374513,-0.004082073417667198
2024-01-10,-0.00228804710551489,-0.004190551185905833,0.00566597189372442,0.020097013041435074,0.00040519134606609164
2024-01-11,0.0019733072916665595,-0.00982771491031198,-0.0006710555783868699,0.01765709282438177,-0.005974561405329815
2024-01-12,0.009794068475553752,0.0063748652515580595,0.0007509755941104146,0.015042856359534174,0.008495690546351353
2024-01-15,0.0,-0.003934477879608433,0.0,0.009126083968141296,-0.005656189847261239
2024-01-16,-0.009488181898979708,-0.004819036212044825,-0.0037313402367431525,-0.007871735152474302,-0.0018341182383125876
2024-01-17,-0.011015950635288596,-0.01481814732071618,-0.005616897183990499,-0.0039706048466251476,-0.009767140923819695
2024-01-18,0.008232882099906247,0.0017190139135536686,0.008805260963896,-0.0003263489088231042,0.011348811667258873
2024-01-19,0.00298872590696031,0.00037535421845058536,0.012313502764936146,0.014016106897637881,-0.0009476037205013998
2024-01-22,-0.003777957126316789,0.0034576037344919985,0.0021943252026270788,0.016229883853936533,0.007078208324607704
2024-01-23,0.0038991332271092194,-0.000267104711437538,0.002921374261968035,-0.0008038675423810426,-0.0032162141396373523
2024-01-24,-0.008246890539639784,0.005610697583948054,0.0008119284117831249,-0.007971227035615813,0.021988733224697965
2024-01-25,0.003969986681303217,0.00026568539502225264,0.005260365527706368,0.0002757176827767882,0.003976657636961756
2024-01-26,-0.0006946931881828267,0.01399788831026294,-0.0006517852510764532,-0.013395301866990006,0.011612272533722656
2024-01-29,0.007058485444586982,-0.0003143249352404176,0.007556774896180896,0.007716442929921019,0.0008391054752212579
2024-01-30,0.0013805262268791196,0.0044020606751506985,-0.0006006499345398986,0.0010802462610175478,0.0050309380429787165
2024-01-31,-0.0007423479101067443,-0.004656706356490514,-0.016105744611597972,0.006123563012977451,-0.0030669552769286845
2024-02-01,0.01040067256889099,-0.0011008180531345557,0.012493688211609788,-0.007585421574142881,-0.0021082103290120946
2024-02-02,-0.009453300862028113,-0.0008790369107098961,0.01068444607751462,0.004069776397140901,0.0034384742584965267
2024-02-05,-0.005513988032274764,-0.0003414217919046614,-0.0031863375266721894,0.005424540047899606,0.0001547335132228156
2024-02-06,0.005224693124019186,0.008945355715932246,0.0023104108269635937,-0.005322637056346169,0.007647268043935007
2024-02-07,-0.0002651978305409086,-0.00679601553345921,0.008241457963390042,-0.0011265911925825156,-0.00256242855397093
2024-02-08,-0.0009018470501077624,-0.004365012261435819,0.0005705832608251526,0.02058031513945524,0.006824259558132484
2024-02-09,-0.003876152075833028,-0.003014930201270527,0.0057423415255595245,0.0009261417823460683,0.0010805710017032233
2024-02-12,-0.002611969494785926,0.0001452734387215049,-0.0009489536011326738,0.0,0.006463278188613142
2024-02-13,-0.013788690196348319,-0.008107053229147065,-0.013674255653625456,0.028905728931772456,-0.012024041911316563
2024-02-14,-0.0005961123453055439,0.007467766078936844,0.009579763275017639,-0.006865679381848122,0.004252343771557587
2024-02-15,0.0067238125229134305,0.0038449471528636536,0.005821250684729495,0.01205785299495954,0.007209199290413082
2024-02-16,0.0036625695484679976,0.015031285990457333,-0.0048034698371121065,0.00862983858311761,0.004739442364287694
2024-02-19,0.0,0.002178482599428877,0.0,-0.0004380510463442011,-0.0005413906136351176
2024-02-20,0.0060642100730936566,-0.0012033130216083654,-0.006005322001165325,-0.002775369889394419,-0.0005857648880798205
2024-02-21,5.331256612173263e-05,-0.007345345874943288,0.001264199922982101,-0.002644412775616223,0.0031574348811109765
2024-02-22,0.00042672195902415666,0.0028711256117455175,0.02112288421741404,0.021862841194379312,0.016763268500951112
2024-02-23,0.005651511902278639,0.0028368540162013733,0.0003479475462115911,0.0,0.0035445284020347856
2024-02-26,-0.0022266895335479875,-0.002854807178228169,-0.003786751350190576,0.0034536012744994515,-0.0016992645472407863
2024-02-27,-0.0010626830578386315,-0.0001691506995480374,0.0017063496993998672,0.00014805109206350586,0.004409727861670376
2024-02-28,0.001808491158992842,-0.007549134452687789,-0.001658155060430544,-0.0008024634762645588,-0.000403258206379431
2024-02-29,0.005150266749304189,0.0006557377049181135,0.005229094697149161,-0.0010671243216273663,-0.0012285590795645396
2024-03-01,0.018910791174389097,0.006880733944954143,0.00800782894888763,0.019012032559570624,0.003503618186501134
2024-03-04,0.016174996770490502,-0.005493029002603289,-0.0011932620709189656,0.004971337464288128,0.0036895966581653727
2024-03-05,0.006020141664404788,0.0007722721327478865,-0.010193100883444606,-0.00028924919187967024,-0.004040386973918841
2024-03-06,0.008215401882095241,0.004328896514544711,0.005141103203274655,-0.0001707745928322124,0.004582074436231709
2024-03-07,0.005683843351386164,0.0017189321485329145,0.010304127925951478,-0.012273901808785515,0.011947939608961011
2024-03-08,0.008452547868211147,-0.004263868012674643,-0.0065285190034379825,0.0022786213645291653,-0.0026356596604583116
2024-03-11,0.00183502012710135,0.0012402574197112326,-0.001122238087346461,-0.021881488753016765,-0.006186103967057099
2024-03-12,-0.01094062729637224,0.01024873616195876,0.011201787981366396,-0.0005918669114498565,0.010705025996533779
2024-03-13,0.00700740378557585,0.0031493315831725432,-0.0019245297153407392,-0.002617254670508329,0.00348161998213925
2024-03-14,-0.004175139558116436,-0.00373124717213158,-0.0028710915621273925,0.0028791153148219895,-0.0014857741228845311
2024-03-15,-0.0031944066391379478,-0.0020405378358052673,-0.006482917484461503,-0.0025700854853131228,-0.0014219761370870554
2024-03-18,0.0016022835845583838,-0.0006211409721456063,0.006318059504952345,0.026682090785532075,-0.0006538790244481341
2024-03-19,-0.0011498061737871268,0.002032956107103745,0.0056491496501236416,0.006621973660529523,0.005049441962579504
2024-03-20,0.011911859798154678,-0.00011629199778551147,0.008904173912846591,0.0,-0.001519565687943536
2024-03-21,-0.0010386361790747367,0.018766019224173425,0.0032365354015160275,0.020299637083457833,0.010399355118115183
2024-03-22,-0.008020968992406341,0.0061273950332532134,-0.0014021878490156903,0.0017828826232730854,-0.004188214104953292
2024-03-25,0.003194406639138503,-0.0016769603514438236,-0.0030549644525015296,-0.011600068708312428,0.002591860571760307
2024-03-26,0.003233961285236342,0.0016924196951695336,-0.002799795225030266,-0.00039812430196550785,0.003963021735344574
2024-03-27,0.007240660177973091,0.00012608750472820063,0.008630626525532925,0.009027648315163894,0.0034675027317805363
2024-03-28,0.012900024807740218,0.002597087450359359,0.0011164855071790214,-0.014588329815292567,0.00033053391604664917
2024-03-29,0.0,0.0,0.0,0.00501321303670732,0.0
2024-04-01,0.010208079384865787,0.0,-0.0020135845401164643,-0.014029214741928975,0.0
2024-04-02,0.014772360490971526,-0.002200538161746257,-0.0072390590731691296,0.0008999379857346224,-0.008148042560238156
2024-04-03,0.008772374739768996,0.00028982680233347047,0.001091122364688113,-0.009715591923371902,0.005404601348671267
2024-04-04,-0.005734705223284009,0.0048504548685561755,-0.012334336350379616,0.00814382721660123,0.0002978282043695213
2024-04-05,0.017114197447370083,-0.008111900578420927,0.011099194174331695,-0.019637938762850693,-0.011045635804853848
2024-04-08,0.006228485366236658,0.004082794505268383,-0.00037463099831791524,0.009103411630487335,0.006241548369809058
2024-04-09,0.0054970549930351,-0.0010952596855919872,0.0014454931932483817,0.010829019257921457,-0.010929321841516293
2024-04-10,-0.009463856185613961,0.0033271653066033746,-0.009456980649108493,-0.0048102907103678705,0.0019896563697032743
2024-04-11,0.019433247203493043,-0.004697833204473478,0.007444797710585593,-0.0035162538662262266,-0.006828846773484831
2024-04-12,-0.013239324939518515,0.009061346164535244,-0.01455068829580164,0.0020516349250538912,-0.0023497406201344884
2024-04-15,0.01871915519396472,-0.0037645826815517758,-0.01202135494776202,-0.0073563734596926444,0.005947559386905166
2024-04-16,0.0012220152803359419,-0.0182160690046137,-0.0020565070133361507,-0.019412367899667826,-0.013539977361370248
2024-04-17,-0.007368252752093074,0.003529243772812496,-0.005780602724641426,-0.013241033496344201,-0.0005817281357410886
2024-04-18,0.0034154561341945833,0.003707963513793322,-0.002208160119998248,0.0031057124549853654,0.004566411947054094
2024-04-19,0.003131535140574737,0.0023866403186998397,-0.00875854812743615,-0.026558709154720028,-0.0037434860898932776
2024-04-22,-0.02470249054532203,0.016210945121278186,0.008731248071466746,0.009988515725489311,0.0038145407063050474
2024-04-23,-0.002458663172418052,0.002604706264798473,0.011964576270872662,0.003032986084302136,0.014446422882600451
2024-04-24,-0.0018600907225296837,-0.000546925026174816,0.0002130100613548791,0.024177516419089162,-0.0036520404354914993
2024-04-25,0.005963468053189924,0.0047883190472624015,-0.004576430353515626,-0.021622360036482657,-0.010194657663548323
2024-04-26,0.003241927353549112,0.007538142950141324,0.01020914263474304,0.0081396125005464,0.01373561407053936
2024-04-29,-0.002031218037689575,0.0008845666337338187,0.0031784486665891176,0.0,-0.005145002027983292
2024-04-30,-0.019937078844561418,-0.0003559472620289217,-0.01573051358686217,0.012413375388812486,-0.01201938346512077
2024-05-01,0.00906215232545482,-0.0028118394996570206,-0.0034354388154940185,-0.00342682236067704,0.0
2024-05-02,-0.0030870874411647042,0.006279859968165491,0.009128437077573048,-0.0009923294758391599,-0.006220073523670155
2024-05-03,-0.0007976266365629092,0.005053694684473031,0.012556739721478527,0.0,0.006312120175292035
2024-05-06,0.010518361024399514,0.0,0.01032612390701182,0.0,0.007209209548663109
2024-05-07,-0.004600326433150892,0.0121994515508006,0.0013434298232750663,0.01566665311325588,0.011930727136146846
2024-05-08,-0.002941061869504713,0.0048593782688095555,-5.835618166138978e-06,-0.01629274659502833,0.004399797410155726
2024-05-09,0.015778607960932778,0.0032679501713581693,0.005090947698625836,-0.003360802518904471,0.0
2024-05-10,0.008112513438038427,0.006251868616265144,0.001649398844549843,0.0040744073600953445,0.009310951591037675
2024-05-13,-0.011202103844459965,-0.0022291025543493825,-0.00024130405535727206,-0.0012987076683630416,-0.0012035439154296501
2024-05-14,0.008462045119477235,0.0015566974896019659,0.004837813139759728,0.004625462275098524,0.0002618800178046943
2024-05-15,0.012838750510223651,0.0021001407354999113,0.011715927882596233,0.0007735903032757285,0.004056828079259223
2024-05-16,-0.0038933433506626036,-0.0008406082951504246,-0.0020816677921287052,0.013925259294861325,-0.005577389789236609
2024-05-17,0.016497772589880277,-0.0021804768742964553,0.0011647735102702228,-0.0034142322438696082,-0.0016382730778568
2024-05-20,0.004023937591649318,0.00046321279710603847,0.0009163899374069473,0.007278160814432111,0.0
2024-05-21,-0.001469548604571047,-0.0009140565435261649,0.002501874243978186,-0.0031418225330184235,-0.00338653786837384
2024-05-22,-0.018373969565577908,-0.0054892408141745674,-0.002706123039226127,-0.008468655363759181,-0.004323430695661323
2024-05-23,-0.019944570339717638,-0.003715471381035118,-0.0073807894850155265,0.012588132403288821,0.002473583177185823
2024-05-24,0.0009271136061119734,-0.0025902467181015965,0.0070010425881694704,-0.011689814537326315,-0.0004347191844920051
2024-05-27,0.0,0.0,0.0,0.006570135011165101,0.004724548412996965
2024-05-28,0.010513172896031486,-0.007622320986819364,0.0002488018529340774,-0.0011477741666461316,-0.005702501688504169
2024-05-29,-0.009303812074717088,-0.008613808239910092,-0.007367046509680453,-0.007682335584436428,-0.013348952068969688
2024-05-30,0.0018967600627464165,0.005865687960055377,-0.005975035585443322,-0.013038977832967702,0.0038241416267423833
